,ObjectID,Stream,Month,Creation Date,Tag,Site Type,Species,Mesohabitat,Stream Width,Substrate,Substrate Feature,Surface Turbulence,Aquatic Vegetation,Large Woody Debris,Terrestrial Vegetation,Undercut Bank,Instream Cover,Canopy Cover,Depth,Velocity,Longitude,Latitude,Notes,Data Change,Weight,Length,Capture Method,Capture Date,Release,Notes.y
45,1,Clear,June,6/15/2022 18:10,NA,Available,NA,Run,7.8,Pebble,0,0,0,0,0,0,0,No,28,0.02,34.538517,111.688861,NA,removed NA from site type ,NA,NA,NA,NA,NA,NA
46,2,Clear,June,6/15/2022 19:09,NA,Available,NA,Pool,7.8,Gravel,0.2,0,0,0,0,0,0.2,Yes,34,0.06,34.53835,111.688139,NA,NA,NA,NA,NA,NA,NA,NA
47,3,Clear,June,6/15/2022 19:13,NA,Available,NA,Pool,7.8,Cobble,0,0,0,0,0,0,0,No,48,0.012,34.53835,111.688139,"Transect, repeat coordinates",NA,NA,NA,NA,NA,NA,NA
48,4,Clear,June,6/15/2022 19:21,NA,Available,NA,Pool,7.8,Cobble,0,0,0,0,0,0,0,No,60,0.1,34.53835,111.688139,"Transect, repeat coordinates", Changed to cobble,NA,NA,NA,NA,NA,NA
49,5,Clear,June,6/15/2022 19:24,NA,Available,NA,Pool,7.8,Cobble,0,0,0,0,0,0,0,No,62,0.11,34.53835,111.688139,"Transect, repeat coordinates",NA,NA,NA,NA,NA,NA,NA
50,6,Clear,June,6/15/2022 19:27,NA,Available,NA,Pool,7.8,Cobble,0.2,0,0,0,0,0,0.2,No,40,0.09,34.53835,111.688139,"Transect, repeat coordinates",NA,NA,NA,NA,NA,NA,NA
51,7,Clear,June,6/15/2022 19:28,NA,Available,NA,Pool,7.8,Gravel,0.3,0,0,0,0,0,0.3,No,29,0.08,34.53835,111.688139,"Transect, repeat coordinates",NA,NA,NA,NA,NA,NA,NA
52,8,Clear,June,6/15/2022 19:30,NA,Available,NA,Pool,7.8,Cobble,0.2,0,0,0,0,0,0.2,Yes,8,0,34.538398,111.688869,NA,NA,NA,NA,NA,NA,NA,NA
53,14,Clear,June,6/15/2022 20:07,NA,Available,NA,Pool,7.7,Boulder,0,0,0,0,0,0,0,NA,>150,NA,34.538479,111.688713,16. 1 to 3,Changed to boulder - most likely ,NA,NA,NA,NA,NA,NA
54,15,Clear,June,6/15/2022 20:11,NA,Available,NA,Pool,7.7,Boulder,0,0,0,0,0,0,0,NA,>150,NA,34.538479,111.688713,"Transect, repeat coordinates",NA,NA,NA,NA,NA,NA,NA
55,16,Clear,June,6/15/2022 20:12,NA,Available,NA,Pool,7.7,Boulder,0,0,0,0,0,0,0,No,>150,NA,34.538479,111.688713,"Transect, repeat coordinates",NA,NA,NA,NA,NA,NA,NA
56,17,Clear,June,6/15/2022 20:13,NA,Available,NA,Pool,7.7,Boulder,0.2,0,0,0.1,0,0,0.3,No,>150,0,34.538479,111.688713,"Transect, repeat coordinates",NA,NA,NA,NA,NA,NA,NA
57,18,Clear,June,6/15/2022 20:14,NA,Available,NA,Pool,7.7,Boulder,0.2,0,0,0.05,0,0,0.25,No,90,0,34.538479,111.688713,"Transect, repeat coordinates",NA,NA,NA,NA,NA,NA,NA
58,19,Clear,June,6/15/2022 20:16,NA,Available,NA,Pool,7.7,Gravel,0.25,0,0,0.1,0,0,0.35,No,66,0,34.538479,111.688713,"Transect, repeat coordinates",NA,NA,NA,NA,NA,NA,NA
59,20,Clear,June,6/15/2022 20:17,NA,Available,NA,Pool,7.7,Boulder,0.3,0,0,0.15,0,0,0.45,Yes,26,0,34.538439,111.688696,NA,NA,NA,NA,NA,NA,NA,NA
60,23,Clear,June,6/15/2022 21:37,NA,Available,NA,Riffle,3.34,Pebble,0.3,0,0,0,0,0,0.3,Yes,48,0.16,34.538471,111.688599,NA,NA,NA,NA,NA,NA,NA,NA
61,24,Clear,June,6/15/2022 21:42,NA,Available,NA,Pool,5.1,Gravel,0.3,0,0,0,0,0,0.3,Yes,34,0.01,34.53848,111.688498,NA,NA,NA,NA,NA,NA,NA,NA
62,25,Clear,June,6/15/2022 21:49,NA,Available,NA,Pool,5.1,Pebble,0.25,0,0,0,0,0,0.25,Yes,42,0.01,34.53848,111.688498,"Transect, repeat coordinates",NA,NA,NA,NA,NA,NA,NA
23,26,Clear,June,6/15/2022 21:50,NA,Available,NA,Pool,5.1,Pebble,0.4,0.15,0,0,0,0,0.55,No,42,0.01,34.53848,111.688498,"Transect, repeat coordinates",NA,NA,NA,NA,NA,NA,NA
24,27,Clear,June,6/15/2022 21:51,NA,Available,NA,Pool,5.1,Boulder,0.45,0,0,0,0,0,0.45,Yes,40,0.4,43.538572,111.686455,NA,NA,NA,NA,NA,NA,NA,NA
25,30,Clear,June,6/15/2022 22:04,NA,Available,NA,Riffle,3.5,Gravel,0.4,0.2,0,0,0,0,0.6,Yes,46,0.44,34.538426,111.688393,NA,NA,NA,NA,NA,NA,NA,NA
26,31,Clear,June,6/15/2022 22:10,NA,Available,NA,Riffle,4.8,Boulder,0.4,0.1,0,0,0,0,0.5,Yes,38,0.9,34.538375,111.688316,NA,NA,NA,NA,NA,NA,NA,NA
27,32,Clear,June,6/15/2022 22:14,NA,Available,NA,Riffle,4.8,Pebble,0.4,0.1,0,0,0,0,0.5,Yes,36,0.08,34.538375,111.688316,"Transect, repeat coordinates",NA,NA,NA,NA,NA,NA,NA
28,33,Clear,June,6/15/2022 22:16,NA,Available,NA,Riffle,4.7,Boulder,0.3,0,0,0,0,0,0.3,Yes,42,0.21,34.538513,111.688279,NA,NA,NA,NA,NA,NA,NA,NA
29,36,Clear,June,6/15/2022 22:23,NA,Available,NA,Riffle,4.15,Boulder,0.5,0,0,0,0,0,0.5,Yes,18,0.17,34.538391,111.688215,NA,NA,NA,NA,NA,NA,NA,NA
30,37,Clear,June,6/15/2022 22:30,NA,Available,NA,Pool,4.7,Gravel,0.2,0,0,0,0,0,0.2,Yes,40,0.08,34.538391,111.688215,"Transect, repeat coordinates",NA,NA,NA,NA,NA,NA,NA
31,38,Clear,June,6/15/2022 22:31,NA,Available,NA,Pool,4.7,Gravel,0.25,0,0,0,0,0,0.25,Yes,44,0.17,34.53835,111.688099,NA,NA,NA,NA,NA,NA,NA,NA
349,39,Clear,June,6/15/2022 22:33,NA,Available ,NA,Pool,4.36,Cobble,0.4,0,0,0,0,0,0.4,Yes,58,0.29,34.538346,111.688117,Flag with no washer,"sheet Changed to available- no washer number, note says 'flag no washer' ",NA,NA,NA,NA,NA,NA
32,41,Clear,June,6/15/2022 22:51,NA,Available,NA,Riffle,3.9,Boulder,0.4,0.1,0,0,0,0,0.5,Yes,30,0.13,34.538353,111.688099,NA,NA,NA,NA,NA,NA,NA,NA
33,42,Clear,June,6/15/2022 22:52,NA,Available,NA,Riffle,3.9,Cobble,0.2,0.05,0,0,0.3,0,0.55,Yes,26,0.79,34.538356,111.688096,NA,NA,NA,NA,NA,NA,NA,NA
34,43,Clear,June,6/15/2022 22:56,NA,Available,NA,Riffle,3.6,Cobble,0.4,0,0,0,0,0,0.4,Yes,22,0.33,34.538274,111.68802,NA,NA,NA,NA,NA,NA,NA,NA
35,44,Clear,June,6/15/2022 23:01,NA,Available,NA,Pool,7.5,Boulder,0.15,0,0,0,0,0,0.15,Yes,2,0,34.53812,111.688189,NA,NA,NA,NA,NA,NA,NA,NA
36,45,Clear,June,6/15/2022 23:09,NA,Available,NA,Pool,7.5,Pebble,0.1,0,0,0,0,0,0.1,Yes,18,0,34.53812,111.688189,"Transect, repeat coordinates",NA,NA,NA,NA,NA,NA,NA
37,46,Clear,June,6/15/2022 23:11,NA,Available,NA,Pool,7.5,Gravel,0.1,0,0,0,0,0,0.1,No,24,0,34.53812,111.688189,"Transect, repeat coordinates",NA,NA,NA,NA,NA,NA,NA
38,47,Clear,June,6/15/2022 23:11,NA,Available,NA,Pool,7.5,Cobble,0.1,0,0,0,0,0,0.1,No,20,0,34.53812,111.688189,"Transect, repeat coordinates",NA,NA,NA,NA,NA,NA,NA
39,48,Clear,June,6/15/2022 23:12,NA,Available,NA,Pool,7.5,Cobble,0.1,0,0,0,0,0,0.1,Yes,16,0,34.53812,111.688189,"Transect, repeat coordinates",NA,NA,NA,NA,NA,NA,NA
40,49,Clear,June,6/15/2022 23:12,NA,Available,NA,Pool,7.5,Pebble,0.15,0,0,0.05,0,0,0.2,Yes,16,0,34.53812,111.688189,"Transect, repeat coordinates",NA,NA,NA,NA,NA,NA,NA
41,50,Clear,June,6/15/2022 23:13,NA,Available,NA,Pool,7.5,Cobble,0.3,0,0,0.15,0,0,0.45,Yes,22,0,34.53818,111.688193,NA,NA,NA,NA,NA,NA,NA,NA
42,52,Clear,June,6/15/2022 23:17,NA,Available,NA,Pool,10.2,Boulder,0.5,0,0,0,0,0,0.5,No,24,0,34.538168,111.688132,NA,NA,NA,NA,NA,NA,NA,NA
43,57,Clear,June,6/16/2022 16:51,NA,Available,NA,Pool,12.7,Silt,0,0,0,0,0,0,0,Yes,36,0,34.538276,111.688053,NA,NA,NA,NA,NA,NA,NA,NA
44,58,Clear,June,6/16/2022 16:54,NA,Available,NA,Pool,12.7,Sand,0,0,0,0,0,0,0,No,82,0,34.538276,111.688053,"Transect, repeat coordinates",NA,NA,NA,NA,NA,NA,NA
85,59,Clear,June,6/16/2022 16:57,NA,Available,NA,Pool,12.7,Gravel,0,0,0,0,0,0,0,No,95,0,34.538276,111.688053,"Transect, repeat coordinates",NA,NA,NA,NA,NA,NA,NA
86,60,Clear,June,6/16/2022 16:58,NA,Available,NA,Pool,12.7,Gravel,0.1,0,0,0,0,0,0.1,No,93,0,34.538276,111.688053,"Transect, repeat coordinates",NA,NA,NA,NA,NA,NA,NA
87,61,Clear,June,6/16/2022 16:59,NA,Available,NA,Pool,12.7,Pebble,0,0,0,0,0,0,0,No,102,0,34.538276,111.688053,"Transect, repeat coordinates",NA,NA,NA,NA,NA,NA,NA
88,62,Clear,June,6/16/2022 17:00,NA,Available,NA,Pool,12.7,Gravel,0,0,0,0,0,0,0,No,105,0,34.538276,111.688053,"Transect, repeat coordinates",NA,NA,NA,NA,NA,NA,NA
89,63,Clear,June,6/16/2022 17:01,NA,Available,NA,Pool,12.7,Pebble,0,0,0,0,0,0,0,No,107,0,34.538276,111.688053,"Transect, repeat coordinates",NA,NA,NA,NA,NA,NA,NA
90,64,Clear,June,6/16/2022 17:02,NA,Available,NA,Pool,12.7,Sand,0,0,0,0.1,0,0,0.1,No,98,0,34.538276,111.688053,"Transect, repeat coordinates",NA,NA,NA,NA,NA,NA,NA
91,65,Clear,June,6/16/2022 17:03,NA,Available,NA,Pool,12.7,Pebble,0.1,0,0,0.1,0,0,0.2,No,90,0,34.538276,111.688053,"Transect, repeat coordinates",NA,NA,NA,NA,NA,NA,NA
92,66,Clear,June,6/16/2022 17:04,NA,Available,NA,Pool,12.7,Sand,0.1,0,0,0.1,0,0,0.2,No,70,0,34.538276,111.688053,"Transect, repeat coordinates",NA,NA,NA,NA,NA,NA,NA
93,67,Clear,June,6/16/2022 17:05,NA,Available,NA,Pool,12.7,Cobble,0.1,0,0,0,0,0,0.1,No,52,0,34.538276,111.688053,"Transect, repeat coordinates",NA,NA,NA,NA,NA,NA,NA
94,68,Clear,June,6/16/2022 17:06,NA,Available,NA,Pool,12.7,Cobble,0.3,0,0,0,0,0,0.3,No,36,0,34.538173,111.688033,NA,NA,NA,NA,NA,NA,NA,NA
95,73,Clear,June,6/16/2022 17:33,NA,Available,NA,Pool,14.295,Bedrock,0,0,0,0,0,0,0,No,136,0,34.538172,111.687909,NA,NA,NA,NA,NA,NA,NA,NA
96,74,Clear,June,6/16/2022 17:39,NA,Available,NA,Pool,14.47,Bedrock,0,0,0,0.1,0.7,0,0.8,Yes,50,0,34.538103,111.687853,NA,NA,NA,NA,NA,NA,NA,NA
97,75,Clear,June,6/16/2022 17:42,NA,Available,NA,Pool,14.4,Bedrock,0,0,0,0.2,0,0,0.2,Yes,98,0,34.538103,111.687853,"Transect, repeat coordinates",NA,NA,NA,NA,NA,NA,NA
98,76,Clear,June,6/16/2022 17:43,NA,Available,NA,Pool,14.4,Bedrock,0,0,0,0,0,0,0,Yes,140,0,34.538103,111.687853,"Transect, repeat coordinates",NA,NA,NA,NA,NA,NA,NA
99,77,Clear,June,6/16/2022 17:44,NA,Available,NA,Pool,14.4,Bedrock,0,0,0,0.6,0,0,0.6,Yes,>150,0,34.538103,111.687853,"Transect, repeat coordinates",NA,NA,NA,NA,NA,NA,NA
100,78,Clear,June,6/16/2022 17:46,NA,Available,NA,Pool,14.4,Bedrock,0,0,0,0.6,0,0,0.6,Yes,>150,0,34.538103,111.687853,"Transect, repeat coordinates",NA,NA,NA,NA,NA,NA,NA
101,79,Clear,June,6/16/2022 17:47,NA,Available,NA,Pool,14.4,Bedrock,0,0,0,0,0,0,0,No,>150,0,34.538103,111.687853,"Transect, repeat coordinates",NA,NA,NA,NA,NA,NA,NA
102,80,Clear,June,6/16/2022 17:48,NA,Available,NA,Pool,14.4,Gravel,0,0,0,0,0,0,0,No,>150,0,34.538103,111.687853,"Transect, repeat coordinates",NA,NA,NA,NA,NA,NA,NA
63,81,Clear,June,6/16/2022 17:48,NA,Available,NA,Pool,14.4,Gravel,0,0,0,0,0,0,0,No,>150,0,34.538103,111.687853,"Transect, repeat coordinates",NA,NA,NA,NA,NA,NA,NA
64,82,Clear,June,6/16/2022 17:49,NA,Available,NA,Pool,14.4,Gravel,0,0,0,0,0,0,0,NA,>150,0,34.538103,111.687853,"Transect, repeat coordinates",NA,NA,NA,NA,NA,NA,NA
65,83,Clear,June,6/16/2022 17:50,NA,Available,NA,Pool,14.4,Gravel,0,0,0,0.4,0,0,0.4,No,>150,0,34.538103,111.687853,"Transect, repeat coordinates",NA,NA,NA,NA,NA,NA,NA
66,84,Clear,June,6/16/2022 17:50,NA,Available,NA,Pool,14.4,Gravel,0,0,0,0,0,0,0,Yes,>150,0,34.538103,111.687853,"Transect, repeat coordinates",NA,NA,NA,NA,NA,NA,NA
67,85,Clear,June,6/16/2022 17:51,NA,Available,NA,Pool,14.4,Gravel,0,0,0,0,0,0,0,Yes,>150,0,34.538103,111.687853,"Transect, repeat coordinates",NA,NA,NA,NA,NA,NA,NA
68,86,Clear,June,6/16/2022 17:52,NA,Available,NA,Pool,14.4,Gravel,0,0,0,0,0,0,0,Yes,148,0,34.538103,111.687853,"Transect, repeat coordinates",NA,NA,NA,NA,NA,NA,NA
69,87,Clear,June,6/16/2022 17:52,NA,Available,NA,Pool,14.4,Silt,0,0,0,0.6,0,0,0.6,Yes,140,0,34.538103,111.687853,"Transect, repeat coordinates",NA,NA,NA,NA,NA,NA,NA
70,88,Clear,June,6/16/2022 17:54,NA,Available,NA,Pool,14.4,Silt,0,0,0,0.4,0,0,0.4,Yes,130,0,34.538227,111.687884,NA,NA,NA,NA,NA,NA,NA,NA
350,90,Clear,June,6/16/2022 18:13,NA,Available ,NA,Pool,820,Boulder,0.1,0,0,0,0,0,0.1,No,>150,0,34.538206,111.687849,"Post field note- width not 820, likely around 15",NA,NA,NA,NA,NA,NA,NA
71,93,Clear,June,6/16/2022 18:27,NA,Available,NA,Pool,15.2,Silt,0,0,0,0,0,0,0,No,>150,0,34.538196,111.687822,NA,NA,NA,NA,NA,NA,NA,NA
72,94,Clear,June,6/16/2022 18:31,NA,Available,NA,Pool,16.5,Silt,0,0,0,0.15,0,0,0.15,Yes,40,0,34.538237,111.687735,NA,NA,NA,NA,NA,NA,NA,NA
73,95,Clear,June,6/16/2022 18:37,NA,Available,NA,Pool,16.5,Silt,0,0,0,0.1,0,0,0.1,Yes,96,0,34.538237,111.687735,"Transect, repeat coordinates",NA,NA,NA,NA,NA,NA,NA
74,96,Clear,June,6/16/2022 18:39,NA,Available,NA,Pool,16.5,Silt,0,0,0,0.5,0,0,0.5,No,121,0,34.538237,111.687735,"Transect, repeat coordinates",NA,NA,NA,NA,NA,NA,NA
75,97,Clear,June,6/16/2022 18:39,NA,Available,NA,Pool,16.5,Silt,0,0,0,0.7,0,0,0.7,No,130,0,34.538237,111.687735,"Transect, repeat coordinates",NA,NA,NA,NA,NA,NA,NA
76,98,Clear,June,6/16/2022 18:40,NA,Available,NA,Pool,16.5,Silt,0,0,0,0.4,0,0,0.4,No,134,0,34.538237,111.687735,"Transect, repeat coordinates",NA,NA,NA,NA,NA,NA,NA
77,100,Clear,June,6/16/2022 18:45,NA,Available,NA,Pool,16.5,Sand,0,0,0,0.3,0,0,0.3,No,138,0,34.538237,111.687735,"Transect, repeat coordinates",NA,NA,NA,NA,NA,NA,NA
78,101,Clear,June,6/16/2022 18:46,NA,Available,NA,Pool,16.5,Sand,0,0,0,0,0,0,0,No,140,0,34.538237,111.687735,"Transect, repeat coordinates",NA,NA,NA,NA,NA,NA,NA
79,102,Clear,June,6/16/2022 18:47,NA,Available,NA,Pool,16.5,Gravel,0,0,0,0.05,0,0,0.05,No,137,0,34.538237,111.687735,"Transect, repeat coordinates",NA,NA,NA,NA,NA,NA,NA
80,103,Clear,June,6/16/2022 18:48,NA,Available,NA,Pool,16.5,Bedrock,0,0,0,0.05,0,0,0.05,No,128,0,34.538237,111.687735,"Transect, repeat coordinates",NA,NA,NA,NA,NA,NA,NA
81,104,Clear,June,6/16/2022 18:50,NA,Available,NA,Pool,16.5,Boulder,0,0,0,0,0,0,0,No,104,0,34.538237,111.687735,"Transect, repeat coordinates",NA,NA,NA,NA,NA,NA,NA
82,105,Clear,June,6/16/2022 18:51,NA,Available,NA,Pool,16.5,Boulder,0,0,0,0,0,0,0,No,100,0,34.538237,111.687735,"Transect, repeat coordinates",NA,NA,NA,NA,NA,NA,NA
83,106,Clear,June,6/16/2022 18:51,NA,Available,NA,Pool,16.5,Boulder,0,0,0,0,0,0,0,No,70,0,34.538237,111.687735,"Transect, repeat coordinates",NA,NA,NA,NA,NA,NA,NA
84,107,Clear,June,6/16/2022 18:52,NA,Available,NA,Pool,16.5,Boulder,0,0,0,0,0.05,0,0.05,NA,50,0,34.538237,111.687735,"Transect, repeat coordinates",NA,NA,NA,NA,NA,NA,NA
125,108,Clear,June,6/16/2022 18:53,NA,Available,NA,Pool,16.5,Boulder,0,0,0,0,0.6,0,0.6,No,46,0,34.538119,111.687713,NA,NA,NA,NA,NA,NA,NA,NA
11,111,Clear,June,6/16/2022 20:06,173,Occupied,Black Bass,Pool,17.9,Silt,0,0,0,0.3,0.2,0,0.5,No,115,NA,34.538241,111.687521,"""washer lost"" in washer number ","Washer lost' marked as number, first tag number marked was 173 (based off telem notes) but there is no 173 record. No other tag records before this chronologically. Marking as occupied by 173. Original Longitude 24.9529965. Original Latitude 111.486079 ",75,186,Backpack Shocker,11/28/2022,2nd Pool to Almost Crossing,NA
126,114,Clear,June,6/16/2022 20:25,NA,Available,NA,Pool,16.63,Bedrock,0,0,0,0,0,0,0,No,90,0,34.593956,111.486079,NA,NA,NA,NA,NA,NA,NA,NA
127,119,Clear,June,6/16/2022 20:47,NA,Available,NA,Pool,17,Silt,0,0,0,0.6,0.3,0,0.9,Yes,50,0,34.538241,111.68752,NA,NA,NA,NA,NA,NA,NA,NA
128,120,Clear,June,6/16/2022 20:51,NA,Available,NA,Pool,17,Silt,0,0,0,0,0.6,0,0.6,Yes,109,0,34.538241,111.68752,"Transect, repeat coordinates",NA,NA,NA,NA,NA,NA,NA
129,121,Clear,June,6/16/2022 20:52,NA,Available,NA,Pool,17,Silt,0,0,0,0.6,0.3,0,0.9,Yes,124,0,34.538241,111.68752,"Transect, repeat coordinates",NA,NA,NA,NA,NA,NA,NA
130,122,Clear,June,6/16/2022 20:53,NA,Available,NA,Pool,17,Silt,0,0,0,0.7,0,0,0.7,Yes,120,0,34.538241,111.68752,"Transect, repeat coordinates",NA,NA,NA,NA,NA,NA,NA
131,123,Clear,June,6/16/2022 20:55,NA,Available,NA,Pool,17,Gravel,0,0,0,0.6,0,0,0.6,Yes,130,0,34.538241,111.68752,"Transect, repeat coordinates",NA,NA,NA,NA,NA,NA,NA
132,124,Clear,June,6/16/2022 20:56,NA,Available,NA,Pool,17,Gravel,0,0,0,0.4,0,0,0.4,No,146,0,34.538241,111.68752,"Transect, repeat coordinates",NA,NA,NA,NA,NA,NA,NA
133,125,Clear,June,6/16/2022 20:57,NA,Available,NA,Pool,17,Gravel,0,0,0,0.2,0,0,0.2,No,>150,0,34.538241,111.68752,"Transect, repeat coordinates",NA,NA,NA,NA,NA,NA,NA
134,126,Clear,June,6/16/2022 20:58,NA,Available,NA,Pool,17,Bedrock,0,0,0,0,0,0,0,No,139,0,34.538241,111.68752,"Transect, repeat coordinates",NA,NA,NA,NA,NA,NA,NA
135,127,Clear,June,6/16/2022 20:59,NA,Available,NA,Pool,17,Boulder,0,0,0,0,0,0,0,No,124,0,34.538241,111.68752,"Transect, repeat coordinates",NA,NA,NA,NA,NA,NA,NA
136,128,Clear,June,6/16/2022 20:59,NA,Available,NA,Pool,17,Bedrock,0,0,0,0,0,0,0,No,100,0,34.538241,111.68752,"Transect, repeat coordinates",NA,NA,NA,NA,NA,NA,NA
137,129,Clear,June,6/16/2022 21:00,NA,Available,NA,Pool,17,Bedrock,0,0,0,0,0,0,0,No,87,0,34.538241,111.68752,"Transect, repeat coordinates",NA,NA,NA,NA,NA,NA,NA
138,130,Clear,June,6/16/2022 21:01,NA,Available,NA,Pool,17,Bedrock,0,0,0,0,0,0,0,No,81,0,34.538241,111.68752,"Transect, repeat coordinates",NA,NA,NA,NA,NA,NA,NA
139,131,Clear,June,6/16/2022 21:01,NA,Available,NA,Pool,17,Bedrock,0.05,0,0,0,0,0,0.05,No,71,0,34.538241,111.68752,"Transect, repeat coordinates",NA,NA,NA,NA,NA,NA,NA
140,132,Clear,June,6/16/2022 21:02,NA,Available,NA,Pool,17,Bedrock,0,0,0,0,0,0,0,No,46,0,34.538241,111.68752,"Transect, repeat coordinates",NA,NA,NA,NA,NA,NA,NA
141,133,Clear,June,6/16/2022 21:02,NA,Available,NA,Pool,17,Bedrock,0.05,0,0,0,0,0,0.05,No,28,0,34.538241,111.68752,"Transect, repeat coordinates",NA,NA,NA,NA,NA,NA,NA
142,134,Clear,June,6/16/2022 21:03,NA,Available,NA,Pool,17,Boulder,0.15,0,0,0,0,0,0.15,No,33,0,34.538151,111.687562,NA,NA,NA,NA,NA,NA,NA,NA
103,137,Clear,June,6/16/2022 21:17,NA,Available,NA,Pool,16.604,Boulder,0.05,0,0,0.6,0,0,0.65,Yes,146,NA,34.538182,111.687442,NA,NA,NA,NA,NA,NA,NA,NA
104,140,Clear,June,6/16/2022 21:27,NA,Available,NA,Pool,11.4,Silt,0,0,0,0.9,0.1,0,1,Yes,>150,NA,34.538192,111.687353,NA,NA,NA,NA,NA,NA,NA,NA
105,141,Clear,June,6/16/2022 21:32,NA,Available,NA,Pool,11.4,Bedrock,0.3,0,0,0,0,0,0.3,Yes,NA,NA,34.538192,111.687353,"Transect, repeat coordinates",NA,NA,NA,NA,NA,NA,NA
106,142,Clear,June,6/16/2022 21:32,NA,Available,NA,Pool,11.4,Bedrock,0,0,0,0,0,0,0,No,NA,NA,34.538192,111.687353,"Transect, repeat coordinates",NA,NA,NA,NA,NA,NA,NA
107,143,Clear,June,6/16/2022 21:33,NA,Available,NA,Pool,11.4,Boulder,0,0,0,0,0,0,0,Yes,77,0,34.538192,111.687353,"Transect, repeat coordinates",NA,NA,NA,NA,NA,NA,NA
108,145,Clear,June,6/16/2022 21:36,NA,Available,NA,Pool,11.4,Bedrock,0.05,0,0,0,0,0,0.05,No,87,NA,34.538192,111.687353,"Transect, repeat coordinates",NA,NA,NA,NA,NA,NA,NA
109,146,Clear,June,6/16/2022 21:37,NA,Available,NA,Pool,11.4,Bedrock,0,0,0,0,0,0,0,No,50,NA,34.538192,111.687353,"Transect, repeat coordinates",NA,NA,NA,NA,NA,NA,NA
110,147,Clear,June,6/16/2022 21:38,NA,Available,NA,Pool,11.4,Bedrock,0,0,0,0,0,0,0,No,25,NA,34.538192,111.687353,"Transect, repeat coordinates",NA,NA,NA,NA,NA,NA,NA
111,148,Clear,June,6/16/2022 21:38,NA,Available,NA,Pool,11.4,Bedrock,0,0,0,0,0,0,0,No,24,NA,34.538124,111.687358,NA,NA,NA,NA,NA,NA,NA,NA
112,150,Clear,June,6/16/2022 21:42,NA,Available,NA,Pool,11.506,Silt,0,0,0,0.2,0.1,0,0.3,Yes,126,NA,34.538153,111.687251,NA,NA,NA,NA,NA,NA,NA,NA
351,154,Clear,June,6/16/2022 22:15,NA,Available ,NA,Pool,13.469,Gravel,0,0,0,0,0.2,0,0.2,Yes,>150,0,34.528055,111.687128,NA,"Changed to Available, gravel ",NA,NA,NA,NA,NA,NA
113,156,Clear,June,6/16/2022 22:22,NA,Available,NA,Pool,14.2,Silt,0,0,0,0.05,0.75,0,0.8,Yes,76,0,34.538123,111.587133,NA,"Changed Riffle,Pool to Pool based on surrounding hab",NA,NA,NA,NA,NA,NA
114,157,Clear,June,6/16/2022 22:25,NA,Available,NA,Pool,14.2,Silt,0,0,0,0.1,0.3,0,0.4,Yes,72,0,34.538123,111.587133,"Transect, repeat coordinates",NA,NA,NA,NA,NA,NA,NA
115,158,Clear,June,6/16/2022 22:27,NA,Available,NA,Pool,14.2,Silt,0,0,0,0.4,0.1,0,0.5,Yes,88,0,34.538123,111.587133,"Transect, repeat coordinates",NA,NA,NA,NA,NA,NA,NA
116,159,Clear,June,6/16/2022 22:28,NA,Available,NA,Pool,14.2,Silt,0,0,0,0.2,0,0,0.2,Yes,106,0,34.538123,111.587133,"Transect, repeat coordinates",NA,NA,NA,NA,NA,NA,NA
117,160,Clear,June,6/16/2022 22:29,NA,Available,NA,Pool,14.2,Silt,0,0,0,0.1,0,0,0.1,Yes,132,0,34.538123,111.587133,"Transect, repeat coordinates",NA,NA,NA,NA,NA,NA,NA
118,161,Clear,June,6/16/2022 22:30,NA,Available,NA,Pool,14.2,Gravel,0,0,0,0.05,0,0,0.05,No,>150,0,34.538123,111.587133,"Transect, repeat coordinates",NA,NA,NA,NA,NA,NA,NA
119,162,Clear,June,6/16/2022 22:30,NA,Available,NA,Pool,14.2,Boulder,0,0,0,0,0,0,0,Yes,>150,0,34.538123,111.587133,"Transect, repeat coordinates",NA,NA,NA,NA,NA,NA,NA
120,163,Clear,June,6/16/2022 22:31,NA,Available,NA,Pool,14.2,Boulder,0,0,0,0,0,0,0,NA,>150,0,34.538123,111.587133,"Transect, repeat coordinates",NA,NA,NA,NA,NA,NA,NA
121,164,Clear,June,6/16/2022 22:32,NA,Available,NA,Pool,14.2,Bedrock,0.1,0,0,0,0,0,0.1,No,138,0,34.538123,111.587133,"Transect, repeat coordinates",NA,NA,NA,NA,NA,NA,NA
122,165,Clear,June,6/16/2022 22:33,NA,Available,NA,Pool,14.2,Bedrock,0.1,0,0,0,0,0,0.1,No,118,0,34.538123,111.587133,"Transect, repeat coordinates",NA,NA,NA,NA,NA,NA,NA
123,166,Clear,June,6/16/2022 22:34,NA,Available,NA,Pool,14.2,Bedrock,0.3,0,0,0,0,0,0.3,No,134,0,34.538123,111.587133,"Transect, repeat coordinates",NA,NA,NA,NA,NA,NA,NA
124,167,Clear,June,6/16/2022 22:34,NA,Available,NA,Pool,14.2,Boulder,0.5,0,0,0,0,0,0.5,Yes,120,0,34.538049,111.687169,NA,"Changed Riffle,Pool to Pool based on surrounding hab",NA,NA,NA,NA,NA,NA
165,168,Clear,June,6/16/2022 22:41,NA,Available,NA,Pool,12.821,Sand,0,0,0,0.8,0,0,0.8,Yes,103,0,34.538095,111.687051,NA,NA,NA,NA,NA,NA,NA,NA
166,172,Clear,June,6/16/2022 22:52,NA,Available,NA,Pool,12.8,Cobble,0,0,0,0,0.4,0,0.4,Yes,23,NA,34.538083,111.686947,NA,NA,NA,NA,NA,NA,NA,NA
167,173,Clear,June,6/16/2022 22:58,NA,Available,NA,Pool,12.8,Silt,0,0,0,0.05,0,0,0.05,No,83,NA,34.538083,111.686947,"Transect, repeat coordinates",NA,NA,NA,NA,NA,NA,NA
168,174,Clear,June,6/16/2022 22:59,NA,Available,NA,Pool,12.8,Gravel,0,0,0,0.05,0,0,0.05,No,96,NA,34.538083,111.686947,"Transect, repeat coordinates",NA,NA,NA,NA,NA,NA,NA
169,175,Clear,June,6/16/2022 23:00,NA,Available,NA,Pool,12.8,Gravel,0,0,0,0,0,0,0,No,110,NA,34.538083,111.686947,"Transect, repeat coordinates",NA,NA,NA,NA,NA,NA,NA
170,176,Clear,June,6/16/2022 23:00,NA,Available,NA,Pool,12.8,Pebble,0.05,0,0,0,0,0,0.05,No,142,NA,34.538083,111.686947,"Transect, repeat coordinates",NA,NA,NA,NA,NA,NA,NA
171,177,Clear,June,6/16/2022 23:01,NA,Available,NA,Pool,12.8,Boulder,0,0,0,0,0,0,0,No,NA,NA,34.538083,111.686947,"Transect, repeat coordinates",NA,NA,NA,NA,NA,NA,NA
172,178,Clear,June,6/16/2022 23:01,NA,Available,NA,Pool,12.8,Boulder,0.4,0,0,0,0,0,0.4,NA,NA,NA,34.538083,111.686947,"Transect, repeat coordinates",NA,NA,NA,NA,NA,NA,NA
173,179,Clear,June,6/16/2022 23:02,NA,Available,NA,Pool,12.8,Bedrock,0.2,0,0,0,0,0,0.2,No,77,NA,34.538083,111.686947,"Transect, repeat coordinates",NA,NA,NA,NA,NA,NA,NA
174,180,Clear,June,6/16/2022 23:03,NA,Available,NA,Pool,12.8,Bedrock,0,0,0,0,0,0,0,No,64,NA,34.538083,111.686947,"Transect, repeat coordinates",NA,NA,NA,NA,NA,NA,NA
175,181,Clear,June,6/16/2022 23:04,NA,Available,NA,Pool,12.8,Bedrock,0,0,0,0,0,0,0,No,46,NA,34.538083,111.686947,"Transect, repeat coordinates",NA,NA,NA,NA,NA,NA,NA
176,182,Clear,June,6/16/2022 23:04,NA,Available,NA,Pool,12.8,Bedrock,0,0,0,0,0,0,0,No,48,NA,34.538083,111.686947,"Transect, repeat coordinates",NA,NA,NA,NA,NA,NA,NA
177,183,Clear,June,6/16/2022 23:05,NA,Available,NA,Pool,12.8,Bedrock,0,0,0,0,0,0,0,No,48,NA,34.538083,111.686947,"Transect, repeat coordinates",NA,NA,NA,NA,NA,NA,NA
178,184,Clear,June,6/16/2022 23:06,NA,Available,NA,Pool,12.8,Bedrock,0.05,0,0,0.1,0,0,0.15,Yes,62,NA,34.537974,111.687051,NA,NA,NA,NA,NA,NA,NA,NA
179,186,Clear,June,6/16/2022 23:11,NA,Available,NA,Pool,9.741,Gravel,0.15,0,0,0,0,0,0.15,Yes,>150,NA,34.538026,111.686921,NA,NA,NA,NA,NA,NA,NA,NA
180,190,Clear,June,6/16/2022 23:25,NA,Available,NA,Pool,10.5,Boulder,0.2,0,0,0,0.1,0,0.3,Yes,41,NA,34.538,111.686865,NA,NA,NA,NA,NA,NA,NA,NA
181,191,Clear,June,6/16/2022 23:28,NA,Available,NA,Pool,10.5,Boulder,0.4,0,0,0,0.3,0,0.7,Yes,58,NA,34.538,111.686865,"Transect, repeat coordinates",NA,NA,NA,NA,NA,NA,NA
182,192,Clear,June,6/16/2022 23:29,NA,Available,NA,Pool,10.5,Boulder,0.5,0,0,0,0.1,0,0.6,Yes,76,NA,34.538,111.686865,"Transect, repeat coordinates",NA,NA,NA,NA,NA,NA,NA
143,193,Clear,June,6/16/2022 23:30,NA,Available,NA,Pool,10.5,Boulder,0.1,0,0,0,0,0,0.1,Yes,88,NA,34.538,111.686865,"Transect, repeat coordinates",NA,NA,NA,NA,NA,NA,NA
144,194,Clear,June,6/16/2022 23:31,NA,Available,NA,Pool,10.5,Bedrock,0.05,0,0,0,0,0,0.05,Yes,88,NA,34.538,111.686865,"Transect, repeat coordinates",NA,NA,NA,NA,NA,NA,NA
145,195,Clear,June,6/16/2022 23:32,NA,Available,NA,Pool,10.5,Bedrock,0,0,0,0,0,0,0,No,79,NA,34.538,111.686865,"Transect, repeat coordinates",NA,NA,NA,NA,NA,NA,NA
146,196,Clear,June,6/16/2022 23:33,NA,Available,NA,Pool,10.5,Bedrock,0,0,0,0,0,0,0,No,52,NA,34.538,111.686865,"Transect, repeat coordinates",NA,NA,NA,NA,NA,NA,NA
147,197,Clear,June,6/16/2022 23:33,NA,Available,NA,Pool,10.55,Bedrock,0.2,0,0,0,0,0,0.2,No,58,NA,34.538,111.686865,"Transect, repeat coordinates",NA,NA,NA,NA,NA,NA,NA
148,198,Clear,June,6/16/2022 23:34,NA,Available,NA,Pool,10.5,Bedrock,0,0,0,0,0.2,0,0.2,No,18,NA,34.538,111.686865,"Transect, repeat coordinates",NA,NA,NA,NA,NA,NA,NA
149,199,Clear,June,6/16/2022 23:35,NA,Available,NA,Pool,10.5,Bedrock,0,0,0,0,0,0,0,No,12,NA,34.537977,111.686864,NA,NA,NA,NA,NA,NA,NA,NA
14,201,Clear,June,6/17/2022 16:39,178,Occupied,Black Bass,Pool,11.9,Bedrock,0,0,0,0,0,0,0,Yes,>150,0,34.538188,111.68724,NA,NA,117,221,Backpack Shocker,11/28/2022,Start to 2nd Pool,NA
150,205,Clear,June,6/17/2022 17:18,NA,Available,NA,Riffle,15.29,Boulder,0.7,0,0,0,0,0,0.7,Yes,18,0.13,34.538005,111.686764,NA,NA,NA,NA,NA,NA,NA,NA
151,207,Clear,June,6/17/2022 17:24,NA,Available,NA,Riffle,13.9,Cobble,0,0,0,0,0,0,0,Yes,16,0.27,34.53792,111.6867,NA,NA,NA,NA,NA,NA,NA,NA
152,208,Clear,June,6/17/2022 17:25,NA,Available,NA,Riffle,13.9,Boulder,0,0,0,0,0,0,0,Yes,30,0.16,34.53792,111.6867,"Transect, repeat coordinates",NA,NA,NA,NA,NA,NA,NA
153,209,Clear,June,6/17/2022 17:26,NA,Available,NA,Riffle,13.9,Gravel,0,0,0,0,0,0,0,Yes,25,0.05,34.53792,111.6867,"Transect, repeat coordinates",NA,NA,NA,NA,NA,NA,NA
154,210,Clear,June,6/17/2022 17:27,NA,Available,NA,Riffle,13.9,Gravel,0.2,0,0,0,0,0,0.2,Yes,22,0.14,34.53792,111.6867,"Transect, repeat coordinates",NA,NA,NA,NA,NA,NA,NA
155,211,Clear,June,6/17/2022 17:28,NA,Available,NA,Riffle,13.9,Boulder,0.3,0,0,0,0,0,0.3,Yes,12,0.54,34.53792,111.6867,"Transect, repeat coordinates",NA,NA,NA,NA,NA,NA,NA
156,212,Clear,June,6/17/2022 17:30,NA,Available,NA,Riffle,13.9,Cobble,0.4,0,0,0,0,0,0.4,Yes,28,0.72,34.53792,111.6867,"Transect, repeat coordinates",NA,NA,NA,NA,NA,NA,NA
157,213,Clear,June,6/17/2022 17:31,NA,Available,NA,Riffle,13.9,Boulder,0.3,0,0,0,0,0,0.3,Yes,10,0.58,34.53792,111.6867,"Transect, repeat coordinates",NA,NA,NA,NA,NA,NA,NA
158,214,Clear,June,6/17/2022 17:32,NA,Available,NA,Riffle,13.9,Boulder,0.6,0,0,0,0,0,0.6,No,44,0.05,34.53792,111.6867,"Transect, repeat coordinates",NA,NA,NA,NA,NA,NA,NA
159,215,Clear,June,6/17/2022 17:34,NA,Available,NA,Riffle,13.9,Boulder,0.4,0,0,0,0,0,0.4,Yes,10,0.18,34.53792,111.6867,"Transect, repeat coordinates",NA,NA,NA,NA,NA,NA,NA
160,216,Clear,June,6/17/2022 17:35,NA,Available,NA,Riffle,13.9,Boulder,0,0,0,0,0,0,0,Yes,NA,NA,34.53792,111.6867,"On top of boulder. Transect, repeat coordinates","Changed to Riffle, data taker confused substrate and macrohabitat",NA,NA,NA,NA,NA,NA
161,217,Clear,June,6/17/2022 17:36,NA,Available,NA,Riffle,13.9,Boulder,0,0,0,0,0,0,0,Yes,NA,NA,34.53792,111.6867,"Top of boulder. Transect, repeat coordinates","Changed to Riffle, data taker confused substrate and macrohabitat",NA,NA,NA,NA,NA,NA
162,218,Clear,June,6/17/2022 17:37,NA,Available,NA,Riffle,13.9,Boulder,0.4,0,0,0,0.1,0,0.5,Yes,10,0.58,34.53792,111.6867,"Transect, repeat coordinates",NA,NA,NA,NA,NA,NA,NA
163,219,Clear,June,6/17/2022 17:38,NA,Available,NA,Riffle,13.9,Boulder,0.4,0,0,0,0,0,0.4,Yes,16,0.22,34.53792,111.6867,"Transect, repeat coordinates",NA,NA,NA,NA,NA,NA,NA
164,220,Clear,June,6/17/2022 17:39,NA,Available,NA,Riffle,13.9,Cobble,0.5,0,0,0,0,0,0.5,Yes,28,0.07,34.53792,111.6867,"Transect, repeat coordinates",NA,NA,NA,NA,NA,NA,NA
205,221,Clear,June,6/17/2022 17:41,NA,Available,NA,Riffle,13.9,Gravel,0.1,0,0,0,0,0,0.1,Yes,18,0.01,34.53792,111.6867,"Transect, repeat coordinates",NA,NA,NA,NA,NA,NA,NA
206,228,Clear,June,6/17/2022 18:34,NA,Available,NA,Riffle,13.343,Boulder,0.4,0,0,0,0,0,0.4,Yes,42,0.03,34.538016,111.686595,NA,NA,NA,NA,NA,NA,NA,NA
207,231,Clear,June,6/17/2022 18:45,NA,Available,NA,Riffle,9.25,Gravel,0.3,0,0,0,0,0,0.3,No,14,0.22,34.538043,111.686497,NA,NA,NA,NA,NA,NA,NA,NA
208,232,Clear,June,6/17/2022 18:49,NA,Available,NA,Riffle,9.25,Boulder,0.3,0,0,0,0,0,0.3,No,24,0.73,34.538043,111.686497,"Transect, repeat coordinates",NA,NA,NA,NA,NA,NA,NA
209,234,Clear,June,6/17/2022 18:53,NA,Available,NA,Riffle,9.25,Cobble,0.7,0,0,0,0,0,0.7,No,44,0.11,34.538043,111.686497,"Transect, repeat coordinates",NA,NA,NA,NA,NA,NA,NA
210,235,Clear,June,6/17/2022 18:55,NA,Available,NA,Riffle,9.25,Cobble,0.7,0,0,0,0,0,0.7,No,38,0.34,34.538043,111.686497,"Transect, repeat coordinates",NA,NA,NA,NA,NA,NA,NA
211,236,Clear,June,6/17/2022 18:56,NA,Available,NA,Riffle,9.25,Boulder,0.7,0,0,0,0,0,0.7,No,44,0.53,34.538043,111.686497,"Transect, repeat coordinates",NA,NA,NA,NA,NA,NA,NA
212,238,Clear,June,6/17/2022 19:00,NA,Available,NA,Riffle,9.25,Boulder,0,0,0,0,0,0,0,Yes,34,0.26,34.538043,111.686497,"Transect, repeat coordinates",NA,NA,NA,NA,NA,NA,NA
213,239,Clear,June,6/17/2022 19:02,NA,Available,NA,Riffle,9.25,Gravel,0.4,0,0,0,0,0,0.4,Yes,12,0.34,34.538043,111.686497,"Transect, repeat coordinates",NA,NA,NA,NA,NA,NA,NA
214,240,Clear,June,6/17/2022 19:03,NA,Available,NA,Riffle,9.25,Gravel,0.1,0,0,0,0,0,0.1,Yes,24,0.21,34.537963,111.686478,NA,NA,NA,NA,NA,NA,NA,NA
215,244,Clear,June,6/17/2022 19:14,NA,Available,NA,Riffle,12.705,Cobble,0.1,0,0,0,0,0,0.1,Yes,18,0.02,34.538055,111.686442,NA,NA,NA,NA,NA,NA,NA,NA
216,248,Clear,June,6/17/2022 20:22,NA,Available,NA,Riffle,9.1,Silt,0.2,0,0.3,0,0,0,0.5,Yes,10,0,34.538113,111.686341,NA,NA,NA,NA,NA,NA,NA,NA
217,249,Clear,June,6/17/2022 20:24,NA,Available,NA,Riffle,9.1,Boulder,0,0,0.2,0,0,0,0.2,Yes,20,0.11,34.538113,111.686341,"Transect, repeat coordinates",NA,NA,NA,NA,NA,NA,NA
218,250,Clear,June,6/17/2022 20:26,NA,Available,NA,Riffle,9.1,Pebble,0.1,0,0,0,0,0,0.1,Yes,30,0.15,34.538113,111.686341,"Transect, repeat coordinates",NA,NA,NA,NA,NA,NA,NA
219,251,Clear,June,6/17/2022 20:27,NA,Available,NA,Riffle,9.1,Cobble,0.1,0,0,0,0,0,0.1,Yes,38,0.51,34.538113,111.686341,"Transect, repeat coordinates",NA,NA,NA,NA,NA,NA,NA
220,252,Clear,June,6/17/2022 20:28,NA,Available,NA,Riffle,9.1,Gravel,0.1,0,0,0,0,0,0.1,No,45,0.04,34.538113,111.686341,"Transect, repeat coordinates",NA,NA,NA,NA,NA,NA,NA
221,253,Clear,June,6/17/2022 20:29,NA,Available,NA,Riffle,9.1,Gravel,0.1,0,0,0,0,0,0.1,No,46,0.06,34.538113,111.686341,"Transect, repeat coordinates",NA,NA,NA,NA,NA,NA,NA
222,255,Clear,June,6/17/2022 20:33,NA,Available,NA,Riffle,9.1,Boulder,0.3,0,0,0,0,0,0.3,No,6,NA,34.538113,111.686341,"Transect, repeat coordinates",NA,NA,NA,NA,NA,NA,NA
183,256,Clear,June,6/17/2022 20:35,NA,Available,NA,Riffle,9.1,Gravel,0.1,0,0,0,0,0,0.1,No,46,0.17,34.538113,111.686341,"Transect, repeat coordinates",NA,NA,NA,NA,NA,NA,NA
184,257,Clear,June,6/17/2022 20:36,NA,Available,NA,Riffle,9.1,Boulder,0.5,0,0,0,0,0,0.5,No,Na,Na,34.538048,111.686305,On top boulder,NA,NA,NA,NA,NA,NA,NA
185,260,Clear,June,6/17/2022 20:43,NA,Available,NA,Riffle,7.2,Cobble,0,0,0,0,0,0,0,No,50,0.37,34.538064,111.686214,NA,NA,NA,NA,NA,NA,NA,NA
22,264,Clear,June,6/17/2022 20:51,218,Occupied,Black Bass,Riffle,11.06,Cobble,0,0,0,0,0,0,0,Yes,31,0.05,34.538111,111.686119,NA,Leaving fish data but everything indicates this should be telemetry tag 218 which is a black bass. Maybe data taker got confused?  ,87,194,Backpack Shocker,11/28/2022,2nd Pool to Almost Crossing,NA
186,265,Clear,June,6/17/2022 20:53,NA,Available,NA,Riffle,11.06,Silt,0,0,0.3,0,0.5,0,0.8,Yes,11,0.01,34.538132,111.686121,NA,NA,NA,NA,NA,NA,NA,NA
187,266,Clear,June,6/17/2022 20:55,NA,Available,NA,Riffle,11.06,Silt,0,0,0.3,0,0.6,0,0.9,Yes,25,0.2,34.538132,111.686121,"Substrate aquatic veg. Transect, repeat coordinates",NA,NA,NA,NA,NA,NA,NA
188,267,Clear,June,6/17/2022 20:58,NA,Available,NA,Riffle,11.06,Gravel,0.1,0,0,0,0,0,0.1,Yes,40,0.02,34.538132,111.686121,"Transect, repeat coordinates",NA,NA,NA,NA,NA,NA,NA
189,268,Clear,June,6/17/2022 20:59,NA,Available,NA,Riffle,11.06,Boulder,0.1,0,0,0,0,0,0.1,Yes,6,0,34.538132,111.686121,"High on boulder. Transect, repeat coordinates",NA,NA,NA,NA,NA,NA,NA
190,269,Clear,June,6/17/2022 21:00,NA,Available,NA,Riffle,11.06,Gravel,0.2,0,0,0,0,0,0.2,Yes,26,0.02,34.538132,111.686121,"Transect, repeat coordinates",NA,NA,NA,NA,NA,NA,NA
191,270,Clear,June,6/17/2022 21:01,NA,Available,NA,Riffle,11.06,Cobble,0.1,0,0,0,0,0,0.1,Yes,20,0.06,34.538132,111.686121,"Transect, repeat coordinates",NA,NA,NA,NA,NA,NA,NA
192,271,Clear,June,6/17/2022 21:03,NA,Available,NA,Riffle,11.06,Cobble,0.1,0,0,0,0,0,0.1,No,33,0.24,34.538132,111.686121,"Transect, repeat coordinates",NA,NA,NA,NA,NA,NA,NA
193,272,Clear,June,6/17/2022 21:04,NA,Available,NA,Riffle,11.06,Boulder,0.4,0,0,0,0,0,0.4,No,10,0,34.538132,111.686121,"Transect, repeat coordinates",NA,NA,NA,NA,NA,NA,NA
194,273,Clear,June,6/17/2022 21:05,NA,Available,NA,Riffle,11.06,Boulder,0.1,0,0,0,0,0,0.1,No,24,0.2,34.538132,111.686121,"Transect, repeat coordinates",NA,NA,NA,NA,NA,NA,NA
195,274,Clear,June,6/17/2022 21:07,NA,Available,NA,Riffle,11.06,Boulder,0.2,0,0,0,0.3,0,0.5,Yes,6,Na,34.538088,111.686123,On top boulder,NA,NA,NA,NA,NA,NA,NA
196,276,Clear,June,6/17/2022 21:11,NA,Available,NA,Riffle,7.7,Gravel,0.1,0,0,0,0,0,0.1,No,24,0.3,34.53812,111.686063,NA,NA,NA,NA,NA,NA,NA,NA
197,280,Clear,June,6/17/2022 21:24,NA,Available,NA,Riffle,11.2,Silt,0,0,0,0.2,0.8,0,1,Yes,20,0,34.538161,111.685954,NA,NA,NA,NA,NA,NA,NA,NA
198,281,Clear,June,6/17/2022 21:29,NA,Available,NA,Riffle,11.2,Gravel,0,0,0,0,0.5,0,0.5,Yes,36,0.2,34.538161,111.685954,"Transect, repeat coordinates",NA,NA,NA,NA,NA,NA,NA
199,282,Clear,June,6/17/2022 21:31,NA,Available,NA,Riffle,11.2,Cobble,0.1,0,0,0,0.6,0,0.7,No,37,0.43,34.538161,111.685954,"Transect, repeat coordinates",NA,NA,NA,NA,NA,NA,NA
200,283,Clear,June,6/17/2022 21:32,NA,Available,NA,Riffle,11.2,Cobble,0.1,0,0,0,0,0,0.1,No,34,0.45,34.538161,111.685954,"Transect, repeat coordinates",NA,NA,NA,NA,NA,NA,NA
201,284,Clear,June,6/17/2022 21:34,NA,Available,NA,Riffle,11.2,Cobble,0.2,0,0,0,0,0,0.2,No,36,0.65,34.538161,111.685954,"Transect, repeat coordinates",NA,NA,NA,NA,NA,NA,NA
202,285,Clear,June,6/17/2022 21:35,NA,Available,NA,Riffle,11.2,Boulder,0.1,0,0,0,0.2,0,0.3,No,22,0.05,34.538161,111.685954,"Transect, repeat coordinates",NA,NA,NA,NA,NA,NA,NA
203,286,Clear,June,6/17/2022 21:37,NA,Available,NA,Riffle,11.2,Gravel,0.2,0,0,0,0.3,0,0.5,No,20,0.02,34.538161,111.685954,"Transect, repeat coordinates",NA,NA,NA,NA,NA,NA,NA
204,287,Clear,June,6/17/2022 21:39,NA,Available,NA,Riffle,11.2,Cobble,0,0,0,0,0.4,0,0.4,Yes,16,0.12,34.538161,111.685954,"Transect, repeat coordinates",NA,NA,NA,NA,NA,NA,NA
245,288,Clear,June,6/17/2022 21:40,NA,Available,NA,Riffle,11.2,Cobble,0.1,0,0,0,0.8,0,0.9,Yes,12,0.06,34.538161,111.685954,"Transect, repeat coordinates",NA,NA,NA,NA,NA,NA,NA
246,289,Clear,June,6/17/2022 21:42,NA,Available,NA,Riffle,11.2,Cobble,0.1,0,0,0,0.9,0,1,Yes,26,0.01,34.538161,111.685954,"Transect, repeat coordinates",NA,NA,NA,NA,NA,NA,NA
247,290,Clear,June,6/17/2022 21:45,NA,Available,NA,Riffle,11.2,Boulder,0.3,0,0,0,0.1,0,0.4,Yes,Na,Na,34.538084,111.685912,On top boulder,NA,NA,NA,NA,NA,NA,NA
248,291,Clear,June,6/17/2022 21:47,NA,Available,NA,Riffle,9.5,Gravel,0,0,0,0,0,0,0,No,32,0.13,34.53815,111.685866,NA,NA,NA,NA,NA,NA,NA,NA
249,294,Clear,June,6/17/2022 22:03,NA,Available,NA,Riffle,8.2,Cobble,0.1,0,0,0,0.2,0,0.3,NA,10,0,34.538132,111.685772,NA,NA,NA,NA,NA,NA,NA,NA
250,295,Clear,June,6/17/2022 22:10,NA,Available,NA,Riffle,8.2,Gravel,0,0,0,0,0,0,0,No,29,0.07,34.538132,111.685772,"Transect, repeat coordinates",NA,NA,NA,NA,NA,NA,NA
251,296,Clear,June,6/17/2022 22:11,NA,Available,NA,Riffle,8.2,Cobble,0.2,0,0,0,0,0,0.2,No,26,0.08,34.538132,111.685772,"Transect, repeat coordinates",NA,NA,NA,NA,NA,NA,NA
252,298,Clear,June,6/17/2022 22:15,NA,Available,NA,Riffle,8.2,Cobble,0.2,0,0,0,0,0,0.2,No,36,0.03,34.538132,111.685772,"Transect, repeat coordinates",NA,NA,NA,NA,NA,NA,NA
253,299,Clear,June,6/17/2022 22:16,NA,Available,NA,Riffle,8.2,Cobble,0.2,0,0,0,0,0,0.2,No,20,0.59,34.538132,111.685772,"Transect, repeat coordinates",NA,NA,NA,NA,NA,NA,NA
254,300,Clear,June,6/17/2022 22:17,NA,Available,NA,Riffle,8.2,Boulder,0.1,0,0,0,0,0,0.1,No,22,0.55,34.538132,111.685772,"Transect, repeat coordinates",NA,NA,NA,NA,NA,NA,NA
255,301,Clear,June,6/17/2022 22:18,NA,Available,NA,Riffle,8.2,Boulder,0.6,0,0,0,0,0,0.6,Yes,Na,Na,34.538132,111.685772,On top boulder,NA,NA,NA,NA,NA,NA,NA
256,302,Clear,June,6/17/2022 22:19,NA,Available,NA,Riffle,8.2,Gravel,0,0,0,0,0,0,0,Yes,29,0.15,34.538193,111.68579,NA,NA,NA,NA,NA,NA,NA,NA
257,306,Clear,June,6/17/2022 22:35,NA,Available,NA,Riffle,8.9,Cobble,0.1,0,0,0,0,0,0.1,Yes,20,0.19,34.5382,111.685664,NA,NA,NA,NA,NA,NA,NA,NA
258,308,Clear,June,6/17/2022 22:41,NA,Available,NA,Run,10.5,Cobble,0,0,0,0,0,0,0,Yes,3,0,34.538223,111.685587,NA,NA,NA,NA,NA,NA,NA,NA
259,309,Clear,June,6/17/2022 22:42,NA,Available,NA,Run,10.5,Boulder,0.3,0,0,0,0,0,0.3,Yes,Na,Na,34.538223,111.685587,"On top boulder. Transect, repeat coordinates",NA,NA,NA,NA,NA,NA,NA
260,310,Clear,June,6/17/2022 22:44,NA,Available,NA,Run,10.5,Cobble,0.1,0,0,0,0,0,0.1,Yes,46,0.02,34.538223,111.685587,"Transect, repeat coordinates",NA,NA,NA,NA,NA,NA,NA
261,311,Clear,June,6/17/2022 22:45,NA,Available,NA,Run,10.5,Cobble,0.1,0,0,0,0,0,0.1,Yes,32,0.16,34.538223,111.685587,"Transect, repeat coordinates",NA,NA,NA,NA,NA,NA,NA
262,312,Clear,June,6/17/2022 22:46,NA,Available,NA,Run,10.5,Cobble,0.1,0,0,0,0,0,0.1,Yes,51,0.31,34.538223,111.685587,"Transect, repeat coordinates",NA,NA,NA,NA,NA,NA,NA
223,313,Clear,June,6/17/2022 22:47,NA,Available,NA,Run,10.5,Gravel,0.2,0,0,0,0,0,0.2,Yes,38,0.29,34.538223,111.685587,"Transect, repeat coordinates",NA,NA,NA,NA,NA,NA,NA
224,314,Clear,June,6/17/2022 22:47,NA,Available,NA,Run,10.5,Gravel,0.1,0,0,0,0,0,0.1,No,33,0.1,34.538223,111.685587,"Transect, repeat coordinates",NA,NA,NA,NA,NA,NA,NA
225,315,Clear,June,6/17/2022 22:49,NA,Available,NA,Run,10.5,Cobble,0.2,0,0,0,0,0,0.2,Yes,35,0.48,34.538223,111.685587,"Transect, repeat coordinates",NA,NA,NA,NA,NA,NA,NA
226,316,Clear,June,6/17/2022 22:50,NA,Available,NA,Run,10.5,Gravel,0.2,0,0,0.1,0,0,0.3,Yes,18,0.14,34.538223,111.685587,"Transect, repeat coordinates",NA,NA,NA,NA,NA,NA,NA
227,317,Clear,June,6/17/2022 22:51,NA,Available,NA,Run,10.5,Cobble,0,0,0,0,0,0,0,Yes,17,0.05,34.538259,111.68561,NA,NA,NA,NA,NA,NA,NA,NA
228,319,Clear,June,6/17/2022 22:59,NA,Available,NA,Run,9.15,Cobble,0.5,0,0,0,0,0,0.5,Yes,36,0.14,34.538196,111.685503,NA,NA,NA,NA,NA,NA,NA,NA
6,321,Clear,June,6/17/2022 23:02,166,Occupied,Black Bass,Run,9.953,Gravel,0.1,0,0,0,0,0,0.1,Yes,44,0.12,34.538253,111.685499,NA,"Marked Available but with 166 tag number, second 166 has note 'might be a lost one' meaning it appeared warn and covered in detritous. Changing to occupied ",79,188,Backpack Shocker,11/28/2022,4th Pool to Honey Hole,NA
229,323,Clear,June,6/17/2022 23:06,NA,Available,NA,Run,10.4,Sand,0.2,0,0.4,0,0,0,0.6,Yes,34,0,34.53823,111.685428,NA,NA,NA,NA,NA,NA,NA,NA
230,324,Clear,June,6/17/2022 23:09,NA,Available,NA,Run,10.4,Boulder,0.7,0,0,0,0,0,0.7,Yes,Na,Na,34.53823,111.685428,"On top boulder. Transect, repeat coordinates",NA,NA,NA,NA,NA,NA,NA
231,325,Clear,June,6/17/2022 23:10,NA,Available,NA,Run,10.4,Cobble,0.3,0,0,0,0,0,0.3,Yes,36,0.16,34.53823,111.685428,"Transect, repeat coordinates",NA,NA,NA,NA,NA,NA,NA
232,326,Clear,June,6/17/2022 23:11,NA,Available,NA,Run,10.4,Boulder,0.9,0,0,0,0,0,0.9,No,4,Na,34.53823,111.685428,"Transect, repeat coordinates",NA,NA,NA,NA,NA,NA,NA
233,327,Clear,June,6/17/2022 23:12,NA,Available,NA,Run,10.4,Cobble,0.1,0,0,0.1,0,0,0.2,Yes,60,0.25,34.53823,111.685428,"Transect, repeat coordinates",NA,NA,NA,NA,NA,NA,NA
234,328,Clear,June,6/17/2022 23:13,NA,Available,NA,Run,10.4,Boulder,0.4,0,0,0.1,0,0,0.5,Yes,42,0.1,34.53823,111.685428,"Transect, repeat coordinates",NA,NA,NA,NA,NA,NA,NA
235,329,Clear,June,6/17/2022 23:14,NA,Available,NA,Run,10.4,Cobble,0.2,0,0,0,0,0,0.2,No,36,0.17,34.53823,111.685428,"Transect, repeat coordinates",NA,NA,NA,NA,NA,NA,NA
236,330,Clear,June,6/17/2022 23:15,NA,Available,NA,Run,10.4,Cobble,0,0,0,0,0,0,0,Yes,14,0.14,34.53823,111.685428,"Transect, repeat coordinates",NA,NA,NA,NA,NA,NA,NA
237,331,Clear,June,6/17/2022 23:16,NA,Available,NA,Run,10.4,Sand,0,0,0.5,0,0,0,0.5,Yes,22,0.02,34.538269,111.685442,NA,NA,NA,NA,NA,NA,NA,NA
1,332,Clear,June,6/17/2022 23:18,157,Occupied,Black Bass,Run,9.146,Pebble,0,0,0,0,0,0,0,Yes,46,0.02,34.538234,111.685398,NA,Changed all 150 to >150 (pools with no velocity),98,208,Backpack Shocker,11/28/2022,2nd Pool to Almost Crossing,NA
238,335,Clear,June,6/17/2022 23:26,NA,Available,NA,Run,7.8,Boulder,0.1,0,0,0,0,0,0.1,Yes,50,0.09,34.538248,111.685378,"Originial note ""Might be a lost one"" Amendment- from memory washer was old and coverd in detrituos. 166 was marked above, this is believed to be from previous survey when washer was lost ","Marked occupied with 166, note says might be a lost one- changing to available and adding to note ",NA,NA,NA,NA,NA,NA
239,337,Clear,June,6/17/2022 23:32,NA,Available,NA,Run,8.8,Boulder,0.5,0,0,0,0,0,0.5,Yes,18,0.01,34.538244,111.685334,NA,NA,NA,NA,NA,NA,NA,NA
240,338,Clear,June,6/17/2022 23:33,NA,Available,NA,Run,8.8,Boulder,0.3,0,0,0,0,0,0.3,No,52,0.51,34.538244,111.685334,"Transect, repeat coordinates",NA,NA,NA,NA,NA,NA,NA
241,339,Clear,June,6/17/2022 23:34,NA,Available,NA,Run,8.8,Boulder,0.5,0,0,0,0,0,0.5,No,38,0,34.538244,111.685334,"Transect, repeat coordinates",NA,NA,NA,NA,NA,NA,NA
242,340,Clear,June,6/17/2022 23:35,NA,Available,NA,Run,8.8,Gravel,0.1,0,0,0,0,0,0.1,No,26,0.12,34.538244,111.685334,"Transect, repeat coordinates",NA,NA,NA,NA,NA,NA,NA
243,341,Clear,June,6/17/2022 23:36,NA,Available,NA,Run,8.8,Boulder,0.9,0,0,0,0,0,0.9,Yes,Na,Na,34.538244,111.685334,"Transect, repeat coordinates",NA,NA,NA,NA,NA,NA,NA
244,342,Clear,June,6/17/2022 23:36,NA,Available,NA,Run,8.8,Boulder,0.1,0,0,0.1,0,0,0.2,Yes,10,0.34,34.538244,111.685334,"Transect, repeat coordinates",NA,NA,NA,NA,NA,NA,NA
285,343,Clear,June,6/17/2022 23:37,NA,Available,NA,Run,8.8,Boulder,0,0,0,0,0,0,0,Yes,6,Na,34.538283,111.68535,NA,NA,NA,NA,NA,NA,NA,NA
286,345,Clear,June,6/17/2022 23:45,NA,Available,NA,Riffle,11.7,Cobble,0,0,0,0,0,0,0,Yes,8,0,34.538322,111.685269,NA,NA,NA,NA,NA,NA,NA,NA
9,347,Clear,June,6/17/2022 23:51,171,Occupied,Black Bass,Riffle,12,Boulder,0.6,0,0,0,0,0,0.6,Yes,38,0.28,34.538278,111.685193,NA,NA,95,202,Backpack Shocker,11/28/2022,2nd Pool to Almost Crossing,NA
10,348,Clear,June,6/17/2022 23:53,172,Occupied,Black Bass,Riffle,10.2,Boulder,0.6,0,0,0,0,0,0.6,Yes,28,0.06,34.538295,111.68516,NA,NA,82,190,Backpack Shocker,11/28/2022,2nd Pool to Almost Crossing,NA
287,349,Clear,June,6/17/2022 23:55,NA,Available,NA,Riffle,10.2,Cobble,0.2,0,0,0,0,0,0.2,Yes,26,0.32,34.538299,111.685161,NA,Changed to Cobble,NA,NA,NA,NA,NA,NA
288,351,Clear,June,6/18/2022 16:53,NA,Available,NA,Riffle,7,Cobble,0.2,0,0,0,0,0,0.2,Yes,28,0.11,34.538299,111.685117,NA,NA,NA,NA,NA,NA,NA,NA
7,352,Clear,June,6/18/2022 16:54,168,Occupied,Black Bass,Riffle,7.7,Cobble,0.5,0,0,0,0,0,0.5,Yes,45,0.04,34.538285,111.685128,NA,NA,76,184,Backpack Shocker,11/28/2022,2nd Pool to Almost Crossing,NA
13,353,Clear,June,6/18/2022 16:58,176,Occupied,Desert Sucker,Riffle,6.63,Cobble,0.1,0,0,0,0,0,0.1,No,51,0.19,34.538304,111.685049,NA,NA,186,252,Backpack Shocker,11/28/2022,Honey Hole,NA
12,354,Clear,June,6/18/2022 17:00,175,Occupied,Black Bass,Riffle,6.6,Cobble,0.1,0,0,0,0,0,0.1,Yes,40,0.34,34.538302,111.685051,NA,NA,73,187,Backpack Shocker,11/28/2022,Start to 2nd Pool,NA
289,355,Clear,June,6/18/2022 17:03,NA,Available,NA,Riffle,4.6,Boulder,0.5,0.2,0,0,0,0,0.7,No,46,0.9,34.538326,111.685027,NA,NA,NA,NA,NA,NA,NA,NA
290,356,Clear,June,6/18/2022 17:08,NA,Available,NA,Riffle,6.8,Gravel,0.1,0,0,0,0,0,0.1,Yes,26,0.04,34.538336,111.684936,NA,NA,NA,NA,NA,NA,NA,NA
291,357,Clear,June,6/18/2022 17:11,NA,Available,NA,Riffle,9.5,Cobble,0.2,0,0,0,0,0,0.2,Yes,27,0.27,34.53837,111.684872,NA,NA,NA,NA,NA,NA,NA,NA
292,358,Clear,June,6/18/2022 17:13,NA,Available,NA,Riffle,10.3,Gravel,0.1,0,0,0,0,0,0.1,No,10,0.01,34.538458,111.684812,NA,NA,NA,NA,NA,NA,NA,NA
293,359,Clear,June,6/18/2022 17:16,NA,Available,NA,Riffle,8.9,Cobble,0.2,0,0,0,0,0,0.2,No,14,0.39,34.538463,111.684735,NA,NA,NA,NA,NA,NA,NA,NA
19,360,Clear,June,6/18/2022 17:19,192,Occupied,Desert Sucker,Riffle,13.1,Cobble,0.2,0,0,0,0,0,0.2,No,38,0.12,34.538494,111.684646,NA,NA,160,234,Backpack Shocker,11/28/2022,Honey Hole,NA
294,361,Clear,June,6/18/2022 17:21,NA,Available,NA,Riffle,13.9,Gravel,0.5,0,0,0,0,0,0.5,No,36,0.23,34.538485,111.684649,NA,NA,NA,NA,NA,NA,NA,NA
295,362,Clear,June,6/18/2022 17:24,NA,Available,NA,Riffle,11.1,Pebble,0.1,0,0,0,0,0,0.1,Yes,36,0.68,34.538496,111.684545,NA,NA,NA,NA,NA,NA,NA,NA
296,363,Clear,June,6/18/2022 17:28,NA,Available,NA,Riffle,8.1,Cobble,0,0,0,0,0,0,0,No,22,0.03,34.538541,111.684478,NA,NA,NA,NA,NA,NA,NA,NA
297,364,Clear,June,6/18/2022 17:31,NA,Available,NA,Riffle,5.9,Cobble,0.2,0,0,0.1,0,0,0.3,No,38,0.41,34.538552,111.684429,NA,NA,NA,NA,NA,NA,NA,NA
298,365,Clear,June,6/18/2022 17:33,NA,Available,NA,Riffle,8.8,Pebble,0,0,0,0,0,0,0,Yes,58,0.19,34.538576,111.684361,NA,NA,NA,NA,NA,NA,NA,NA
299,366,Clear,June,6/18/2022 17:38,NA,Available,NA,Pool,13.3,Cobble,0.1,0,0,0,0,0,0.1,Yes,33,0.17,34.538554,111.684245,NA,NA,NA,NA,NA,NA,NA,NA
16,367,Clear,June,6/18/2022 17:41,185,Occupied,Black Bass,Pool,11.2,Silt,0,0,0,0,0,0,0,No,92,0.1,34.538615,111.684212,NA,NA,88,201,Backpack Shocker,11/28/2022,Camp Crossing,NA
300,368,Clear,June,6/18/2022 17:41,NA,Available,NA,Pool,11.7,Bedrock,0,0,0,0,0,0,0,No,120,0.02,34.538608,111.684181,NA,NA,NA,NA,NA,NA,NA,NA
301,369,Clear,June,6/18/2022 17:48,NA,Available,NA,Pool,10.2,Silt,0,0,0,0,0,0,0,No,64,0.08,34.538647,111.684059,NA,NA,NA,NA,NA,NA,NA,NA
302,370,Clear,June,6/18/2022 17:50,NA,Available,NA,Pool,10.8,Gravel,0,0,0,0,0,0,0,No,68,0.01,34.538638,111.683984,NA,NA,NA,NA,NA,NA,NA,NA
263,371,Clear,June,6/18/2022 17:53,NA,Available,NA,Pool,6.4,Boulder,0.4,0,0,0,0,0,0.4,Yes,60,0.01,34.538625,111.683916,NA,NA,NA,NA,NA,NA,NA,NA
15,372,Clear,June,6/18/2022 17:57,179,Occupied,Desert Sucker,Pool,6.6,Boulder,0.6,0,0,0,0,0,0.6,No,100,0.24,34.538611,111.683877,Visual confirmed w 2 large ds,NA,225,273,Hoop Net,11/28/2022,Start to 2nd Pool,bottom pool- George
3,373,Clear,June,6/18/2022 18:02,160,Occupied,Black Bass,Pool,6.2,Gravel,0.1,0,0,0,0,0,0.1,No,98,0.02,34.538615,111.683864,NA,101-140 are snorkel not telem,77,186,Backpack Shocker,11/28/2022,Camp Crossing,NA
264,374,Clear,June,6/18/2022 18:05,NA,Available,NA,Pool,5,Boulder,0.8,0,0,0,0,0,0.8,No,28,0.21,34.538612,111.683834,NA,NA,NA,NA,NA,NA,NA,NA
265,375,Clear,June,6/18/2022 18:12,NA,Available,NA,Pool,5.2,Boulder,0.1,0,0,0,0,0,0.1,Yes,38,0.27,34.538619,111.683725,NA,NA,NA,NA,NA,NA,NA,NA
266,376,Clear,June,6/18/2022 18:13,NA,Available,NA,Riffle,6,Boulder,0.2,0.4,0,0,0,0,0.6,No,36,0.43,34.538619,111.68365,NA,"Changed from Riffle,Pool to Riffle based on velocity",NA,NA,NA,NA,NA,NA
267,377,Clear,June,6/18/2022 18:18,NA,Available,NA,Riffle,3.6,Gravel,0,0,0,0,0,0,0,No,28,0.13,34.536636,111.683565,NA,NA,NA,NA,NA,NA,NA,NA
268,378,Clear,June,6/18/2022 18:23,NA,Available,NA,Riffle,4.5,Gravel,0,0,0,0,0,0,0,No,47,0.59,34.538644,111.683475,NA,NA,NA,NA,NA,NA,NA,NA
269,379,Clear,June,6/18/2022 18:25,NA,Available,NA,Riffle,6.8,Pebble,0.2,0,0,0,0,0,0.2,No,34,0.48,34.538621,111.683401,NA,NA,NA,NA,NA,NA,NA,NA
20,380,Clear,June,6/18/2022 18:28,198,Occupied,Black Bass,Riffle,6,Gravel,0,0,0.2,0,0,0,0.2,NA,30,0.01,34.538581,111.683356,Visually confirmed bb,NA,99,195,Backpack Shocker,11/28/2022,Camp Crossing,NA
270,381,Clear,June,6/18/2022 18:32,NA,Available,NA,Riffle,6.8,Cobble,0,0,0,0,0,0,0,No,48,0.27,34.538584,111.683334,NA,NA,NA,NA,NA,NA,NA,NA
271,382,Clear,June,6/18/2022 18:35,NA,Available,NA,Riffle,6.7,Sand,0.1,0,0,0,0,0,0.1,Yes,73,0.03,34.538569,111.683247,NA,NA,NA,NA,NA,NA,NA,NA
272,383,Clear,June,6/18/2022 18:38,NA,Available,NA,Riffle,4.2,Boulder,0.1,0.2,0,0,0,0,0.3,Yes,22,0.75,34.538527,111.683159,NA,NA,NA,NA,NA,NA,NA,NA
273,384,Clear,June,6/18/2022 19:53,NA,Available,NA,Riffle,8.1,Boulder,0.7,0,0,0,0,0,0.7,No,48,0.17,34.538517,111.683064,NA,NA,NA,NA,NA,NA,NA,NA
274,385,Clear,June,6/18/2022 19:55,NA,Available,NA,Riffle,12.3,Cobble,0.2,0,0,0,0,0,0.2,Yes,22,0.22,34.538493,111.682966,NA,NA,NA,NA,NA,NA,NA,NA
275,386,Clear,June,6/18/2022 19:58,NA,Available,NA,Riffle,6.3,Boulder,0.2,0.7,0,0,0,0,0.9,No,24,0.43,34.538412,111.682925,NA,NA,NA,NA,NA,NA,NA,NA
276,387,Clear,June,6/18/2022 20:01,NA,Available,NA,Riffle,9.5,Boulder,0.4,0,0,0,0,0,0.4,No,24,0.41,34.538352,111.682879,NA,NA,NA,NA,NA,NA,NA,NA
277,388,Clear,June,6/18/2022 20:05,NA,Available,NA,Riffle,6.7,Boulder,0.1,0,0,0,0,0,0.1,No,36,0.14,34.538335,111.682809,NA,NA,NA,NA,NA,NA,NA,NA
278,389,Clear,June,6/18/2022 20:07,NA,Available,NA,Riffle,13.1,Pebble,0.3,0,0,0,0,0,0.3,No,48,0.06,34.538275,111.682772,NA,NA,NA,NA,NA,NA,NA,NA
279,390,Clear,June,6/18/2022 20:09,NA,Available,NA,Riffle,8.1,Boulder,0.5,0,0,0,0,0,0.5,Yes,30,0.37,34.538259,111.6827,NA,NA,NA,NA,NA,NA,NA,NA
280,391,Clear,June,6/18/2022 20:11,NA,Available,NA,Riffle,12.2,Cobble,0.1,0,0,0,0,0,0.1,No,28,0.06,34.538218,111.682638,NA,NA,NA,NA,NA,NA,NA,NA
281,392,Clear,June,6/18/2022 20:13,NA,Available,NA,Run,12.2,Pebble,0.4,0,0,0,0,0,0.4,Yes,56,0.05,34.538134,111.682618,NA,NA,NA,NA,NA,NA,NA,NA
282,393,Clear,June,6/18/2022 20:15,NA,Available,NA,Run,11.9,Gravel,0.2,0,0,0,0,0,0.2,Yes,68,0.12,34.538103,111.682548,NA,NA,NA,NA,NA,NA,NA,NA
17,394,Clear,June,6/18/2022 20:17,190,Occupied,Desert Sucker,Run,11.47,Gravel,0.7,0,0,0,0,0,0.7,Yes,62,0.13,34.538053,111.682517,Under boulder,NA,186,247,Backpack Shocker,11/28/2022,Honey Hole,NA
283,395,Clear,June,6/18/2022 20:19,NA,Available,NA,Run,10.66,Boulder,0.9,0,0,0,0,0,0.9,No,60,0.02,34.538027,111.682499,NA,NA,NA,NA,NA,NA,NA,NA
284,396,Clear,June,6/18/2022 20:22,NA,Available,NA,Pool,10.95,Boulder,0.4,0,0,0,0,0,0.4,Yes,66,0.03,34.537962,111.682454,NA,NA,NA,NA,NA,NA,NA,NA
325,397,Clear,June,6/18/2022 20:26,NA,Available,NA,Pool,9,Boulder,0.1,0,0,0,0,0,0.1,No,60,0.1,34.537935,111.682391,NA,NA,NA,NA,NA,NA,NA,NA
5,398,Clear,June,6/18/2022 20:28,162,Occupied,Black Bass,Pool,8,Boulder,0.2,0,0,0.7,0,0,0.9,Yes,54,0.07,34.537931,111.68235,Under log,NA,89,204,Backpack Shocker,11/28/2022,Start to 2nd Pool,internal clear liquid
326,399,Clear,June,6/18/2022 20:33,NA,Available,NA,Pool,8.6,Boulder,0.1,0,0,0,0,0,0.1,No,56,0.08,34.537879,111.682303,NA,NA,NA,NA,NA,NA,NA,NA
327,400,Clear,June,6/18/2022 20:37,NA,Available,NA,Pool,10.1,Boulder,0.7,0,0,0,0,0,0.7,Yes,26,0.14,34.537867,111.682261,NA,NA,NA,NA,NA,NA,NA,NA
328,401,Clear,June,6/18/2022 20:39,NA,Available,NA,Pool,10,Boulder,0.1,0,0,0,0,0,0.1,Yes,34,0.05,34.537781,111.682238,NA,NA,NA,NA,NA,NA,NA,NA
4,402,Clear,June,6/18/2022 20:41,161,Occupied,Desert Sucker,Pool,9.6,Boulder,0.2,0,0,0,0,0,0.2,Yes,64,0.06,34.537772,111.682191,NA,8-942 snorkel not telem,224,263,Backpack Shocker,11/28/2022,Camp Crossing,NA
329,403,Clear,June,6/18/2022 20:42,NA,Available,NA,Pool,7.9,Boulder,0.3,0,0.4,0,0,0,0.7,Yes,49,0.01,34.537775,111.682158,NA,NA,NA,NA,NA,NA,NA,NA
330,404,Clear,June,6/18/2022 20:44,NA,Available,NA,Riffle,7.4,Silt,0,0,0,0.1,0,0,0.1,Yes,8,0.01,34.537701,111.682153,NA,NA,NA,NA,NA,NA,NA,NA
331,405,Clear,June,6/18/2022 20:49,NA,Available,NA,Riffle,6.6,Boulder,0,0,0.4,0,0,0,0.4,Yes,36,0.37,34.537656,111.682111,NA,NA,NA,NA,NA,NA,NA,NA
332,406,Clear,June,6/18/2022 20:51,NA,Available,NA,Riffle,6.5,Cobble,0.3,0,0,0,0,0,0.3,Yes,40,0.06,34.53761,111.682008,NA,NA,NA,NA,NA,NA,NA,NA
333,407,Clear,June,6/18/2022 20:53,NA,Available,NA,Riffle,6.7,Boulder,0.7,0,0,0,0,0,0.7,Yes,40,0.34,34.537584,111.681947,NA,NA,NA,NA,NA,NA,NA,NA
334,408,Clear,June,6/18/2022 20:57,NA,Available,NA,Riffle,8.1,Pebble,0,0,0,0.2,0,0,0.2,Yes,28,0.1,34.537447,111.68189,NA,NA,NA,NA,NA,NA,NA,NA
335,409,Clear,June,6/18/2022 20:59,NA,Available,NA,Riffle,9.3,Boulder,0.4,0,0,0,0,0,0.4,Yes,38,0.01,34.537429,111.681896,NA,NA,NA,NA,NA,NA,NA,NA
336,410,Clear,June,6/18/2022 21:01,NA,Available,NA,Riffle,9.2,Cobble,0.3,0,0,0,0,0,0.3,No,46,0.06,34.537392,111.681808,NA,NA,NA,NA,NA,NA,NA,NA
337,411,Clear,June,6/18/2022 21:04,NA,Available,NA,Riffle,10.2,Cobble,0.3,0,0,0,0,0,0.3,Yes,38,0.01,34.537349,111.681736,NA,NA,NA,NA,NA,NA,NA,NA
338,412,Clear,June,6/18/2022 21:06,NA,Available,NA,Riffle,11.543,Boulder,0.3,0,0,0,0,0,0.3,Yes,18,0.53,34.537279,111.681721,NA,NA,NA,NA,NA,NA,NA,NA
339,413,Clear,June,6/18/2022 21:08,NA,Available,NA,Riffle,12.7,Cobble,0.6,0,0,0.1,0,0,0.7,No,20,0.19,34.53721,111.681677,NA,NA,NA,NA,NA,NA,NA,NA
340,414,Clear,June,6/18/2022 21:10,NA,Available,NA,Riffle,11.5,Boulder,0.3,0,0,0,0,0,0.3,Yes,26,0.37,34.537181,111.681612,NA,NA,NA,NA,NA,NA,NA,NA
341,415,Clear,June,6/18/2022 21:11,NA,Available,NA,Riffle,10.3,Cobble,0.6,0,0,0,0,0,0.6,Yes,26,0,34.537161,111.681499,NA,NA,NA,NA,NA,NA,NA,NA
342,416,Clear,June,6/18/2022 21:14,NA,Available,NA,Riffle,10.4,Boulder,0.2,0,0,0.1,0,0,0.3,No,38,0.16,34.537161,111.681499,NA,NA,NA,NA,NA,NA,NA,NA
8,417,Clear,June,6/18/2022 21:16,169,Occupied,Desert Sucker,Riffle,7.8,Boulder,0.4,0,0,0,0,0,0.4,Yes,54,0.08,34.537084,111.681395,NA,NA,224,256,Backpack Shocker,11/28/2022,Camp Crossing,NA
2,418,Clear,June,6/18/2022 21:18,158,Occupied,Desert Sucker,Riffle,8.771,Gravel,0.4,0,0,0.1,0,0,0.5,Yes,46,0.38,34.537065,111.681395,NA,All highlighted yellow with 800 series washer numbers have data on physical/photo sheets,247,278,Backpack Shocker,11/28/2022,4th Pool to Honey Hole,All DS in Honey Hole
303,419,Clear,June,6/18/2022 21:20,NA,Available,NA,Riffle,8.7,Boulder,0.8,0,0,0,0,0,0.8,Yes,30,0.64,34.537056,111.681396,NA,NA,NA,NA,NA,NA,NA,NA
304,420,Clear,June,6/18/2022 21:23,NA,Available,NA,Riffle,9.6,Gravel,0.1,0,0,0,0.5,0,0.6,Yes,54,0,34.537036,111.681323,NA,NA,NA,NA,NA,NA,NA,NA
305,421,Clear,June,6/18/2022 21:25,NA,Available,NA,Riffle,10.2,Boulder,0.3,0,0,0.6,0,0,0.9,Yes,26,0.13,34.536951,111.681293,NA,NA,NA,NA,NA,NA,NA,NA
306,422,Clear,June,6/18/2022 21:29,NA,Available,NA,Riffle,8.2,Pebble,0.2,0,0,0,0,0,0.2,Yes,24,0.21,34.536923,111.681218,NA,NA,NA,NA,NA,NA,NA,NA
307,423,Clear,June,6/18/2022 21:31,NA,Available,NA,Riffle,8.5,Boulder,0.3,0,0,0,0,0,0.3,Yes,24,0.06,34.536878,111.681136,NA,NA,NA,NA,NA,NA,NA,NA
308,424,Clear,June,6/18/2022 21:33,NA,Available,NA,Riffle,7.4,Boulder,0.4,0,0,0,0,0,0.4,Yes,20,0.06,34.536843,111.681062,NA,NA,NA,NA,NA,NA,NA,NA
309,425,Clear,June,6/18/2022 21:35,NA,Available,NA,Riffle,5.5,Boulder,0.2,0,0,0,0,0,0.2,Yes,38,0.26,34.536771,111.681022,NA,NA,NA,NA,NA,NA,NA,NA
310,426,Clear,June,6/18/2022 21:38,NA,Available,NA,Riffle,5.7,Boulder,0.4,0,0,0,0,0,0.4,No,22,0.23,34.53674,111.680942,NA,NA,NA,NA,NA,NA,NA,NA
311,427,Clear,June,6/18/2022 21:40,NA,Available,NA,Riffle,7.5,Boulder,0.1,0,0,0,0,0,0.1,No,16,0.99,34.536679,111.680873,NA,NA,NA,NA,NA,NA,NA,NA
312,428,Clear,June,6/18/2022 21:44,NA,Available,NA,Pool,8.7,Cobble,0.3,0,0,0,0,0,0.3,Yes,34,0.01,34.536679,111.680873,NA,NA,NA,NA,NA,NA,NA,NA
313,429,Clear,June,6/18/2022 21:47,NA,Available,NA,Pool,10.1,Cobble,0,0,0,0,0,0,0,Yes,36,0.03,34.536611,111.680755,NA,NA,NA,NA,NA,NA,NA,NA
314,430,Clear,June,6/18/2022 21:50,NA,Available,NA,Pool,15.2,Gravel,0,0,0,0,0,0,0,Yes,84,0.04,34.536581,111.680647,NA,NA,NA,NA,NA,NA,NA,NA
315,431,Clear,June,6/18/2022 21:51,NA,Available,NA,Pool,17.8,Cobble,0,0,0,0,0,0,0,No,60,0.03,34.536581,111.680647,NA,NA,NA,NA,NA,NA,NA,NA
316,432,Clear,June,6/18/2022 21:53,NA,Available,NA,Pool,14.2,Gravel,0,0,0,0,0,0,0,No,62,0.03,34.536494,111.680567,NA,NA,NA,NA,NA,NA,NA,NA
317,433,Clear,June,6/18/2022 21:55,NA,Available,NA,Pool,11.3,Gravel,0,0,0,0,0,0,0,Yes,>150,0,34.536477,111.68053,NA,Changed canopy to Yes,NA,NA,NA,NA,NA,NA
318,434,Clear,June,6/18/2022 21:58,NA,Available,NA,Pool,17.6,Sand,0,0,0,0,0,0,0,Yes,62,0.01,34.536477,111.68053,NA,NA,NA,NA,NA,NA,NA,NA
21,435,Clear,June,6/18/2022 22:02,200,Occupied,Desert Sucker,Pool,17,NA,0,0,0,0,0,0,0,Yes,>150,0,34.536288,111.680272,NA,NA,262,277,Backpack Shocker,11/28/2022,Honey Hole,NA
319,436,Clear,June,6/18/2022 22:02,NA,Available,NA,Pool,14.5,Silt,0,0,0,0,0,0,0,Yes,>150,0,34.536263,111.680231,NA,NA,NA,NA,NA,NA,NA,NA
320,437,Clear,June,6/18/2022 22:09,NA,Available,NA,Pool,11,Boulder,0.2,0,0,0.2,0,0,0.4,Yes,126,0.01,34.536165,111.680248,NA,NA,NA,NA,NA,NA,NA,NA
321,438,Clear,June,6/18/2022 22:14,NA,Available,NA,Pool,9,Gravel,0.3,0,0,0,0,0.2,0.5,No,86,0.03,34.53609,111.680232,NA,NA,NA,NA,NA,NA,NA,NA
322,439,Clear,June,6/18/2022 22:16,NA,Available,NA,Pool,21,Bedrock,0,0,0,0,0,0,0,No,20,0,34.536322,111.680402,NA,NA,NA,NA,NA,NA,NA,NA
323,440,Clear,June,6/18/2022 22:28,NA,Available,NA,Riffle,8.5,Pebble,0.6,0,0,0,0,0,0.6,Yes,32,0.13,34.536082,111.680169,NA,NA,NA,NA,NA,NA,NA,NA
324,441,Clear,June,6/18/2022 22:31,NA,Available,NA,Riffle,5.8,Gravel,0.2,0,0,0,0,0,0.2,Yes,52,0.17,34.536091,111.680081,NA,NA,NA,NA,NA,NA,NA,NA
352,442,Clear,June,6/18/2022 22:34,NA,Available,NA,Riffle,8.9,Cobble,0,0,0,0,0,0,0,Yes,24,0,34.536097,111.680005,NA,NA,NA,NA,NA,NA,NA,NA
353,443,Clear,June,6/18/2022 22:36,NA,Available,NA,Riffle,8.8,Boulder,0.4,0,0,0,0,0,0.4,Yes,7,0.05,34.536097,111.680005,NA,NA,NA,NA,NA,NA,NA,NA
354,444,Clear,June,6/18/2022 22:39,NA,Available,NA,Riffle,3.9,Boulder,0.6,0,0,0,0,0,0.6,Yes,48,0.9,34.536066,111.679849,NA,NA,NA,NA,NA,NA,NA,NA
18,445,Clear,June,6/18/2022 22:42,191,Occupied,Desert Sucker,Riffle,8,Gravel,0.6,0,0,0,0,0,0.6,Yes,54,0.28,34.536066,111.679849,NA,NA,168,245,Backpack Shocker,11/28/2022,Honey Hole,NA
355,446,Clear,June,6/18/2022 22:46,NA,Available,NA,Riffle,8.2,Boulder,0.4,0,0,0,0,0,0.4,Yes,26,0.09,34.53603,111.679751,NA,NA,NA,NA,NA,NA,NA,NA
343,447,Clear,June,6/18/2022 22:50,NA,Available,NA,Riffle,7.5,Boulder,0.6,0,0,0.1,0,0,0.7,Yes,48,0,34.536012,111.679684,NA,NA,NA,NA,NA,NA,NA,NA
344,448,Clear,June,6/18/2022 22:52,NA,Available,NA,Riffle,10.4,Boulder,0.5,0,0,0,0,0,0.5,Yes,24,0.22,34.535971,111.679583,NA,NA,NA,NA,NA,NA,NA,NA
345,449,Clear,June,6/18/2022 22:55,NA,Available,NA,Riffle,8.4,Boulder,0.2,0,0,0,0,0,0.2,No,18,0.81,34.536001,111.679498,NA,NA,NA,NA,NA,NA,NA,NA
346,450,Clear,June,6/18/2022 22:58,NA,Available,NA,Riffle,7.6,Boulder,0.4,0,0,0,0,0,0.4,Yes,24,0.12,34.536021,111.679432,NA,NA,NA,NA,NA,NA,NA,NA
347,451,Clear,June,6/18/2022 23:01,NA,Available,NA,Riffle,8.4,Boulder,0.4,0,0,0,0,0,0.4,Yes,40,0.28,34.535979,111.679348,NA,NA,NA,NA,NA,NA,NA,NA
348,452,Clear,June,6/18/2022 23:03,NA,Available,NA,Riffle,7.2,Boulder,0.4,0,0,0,0.5,0,0.9,Yes,26,0.26,34.536006,111.679286,NA,NA,NA,NA,NA,NA,NA,NA
