,Tag,ObjectID,Stream,Date,Site.Type,Stream.Width.m,Mesohabitat,Other...Mesohabitat,Depth.cm,Velocity.ms,Substrate,Canopy.Cover,Latitude,Longitude,Notes.x,Other...Mesohabitat.1,x,y,Data.Changes,Boulder,Terrestrial Vegetation,None,Surface Turbulence,Woody Debris,Absent,Aquatic Vegetation,Species,Weight,Length,Capture Method,Capture Date,Release,Notes.y
2,104,74,Wet Beaver,3/14/2022 0:00,Occupied,8.9,Pool,NA,63,0,Cobble,Yes,-111.67141,34.674023,NA,NA,-111.6714848,34.6741042,NA,NA,NA,NA,NA,NA,NA,NA,Black Bass,140,217,Backpack Shocker,11/3/2022,NA,NA
3,106,52,Wet Beaver,3/14/2022 0:00,Occupied,6.14,Riffle,NA,41,1.63,Boulder,Yes,-111.672262,34.674593,NA,NA,-111.6722751,34.6746042,NA,0.15,NA,NA,0.1,NA,NA,NA,Desert Sucker,144,234,Backpack Shocker,11/3/2022,NA,NA
5,107,61,Wet Beaver,3/14/2022 0:00,Occupied,17.34,Pool,NA,>150,NA,Silt,Yes,-111.672117,34.674222,NA,NA,-111.6720625,34.6742262,NA,NA,NA,NA,NA,NA,NA,NA,Black Bass,79,191,Backpack Shocker,11/3/2022,NA,NA
6,108,124,Wet Beaver,3/14/2022 0:00,Occupied,12.74,Pool,NA,48,0.22,Cobble,No,-111.668563,34.673007,Fin-ley,NA,-111.6686258,34.6730638,NA,0.2,NA,NA,NA,NA,NA,NA,Black Bass,109,215,Backpack Shocker,11/12/2022,NA,NA
8,110,68,Wet Beaver,3/14/2022 0:00,Occupied,8.7,Run,NA,56,0.15,Gravel,Yes,-111.671873,34.674072,NA,NA,-111.6717856,34.6741364,NA,0.4,NA,NA,NA,NA,NA,NA,Desert Sucker,121,256,Backpack Shocker,11/3/2022,NA,NA
9,111,62,Wet Beaver,3/14/2022 0:00,Occupied,17.75,Pool,NA,>150,NA,Silt,Yes,-111.672117,34.674222,NA,NA,-111.6720725,34.6741627,NA,NA,NA,NA,NA,NA,NA,NA,Desert Sucker,114,207,Backpack Shocker,11/3/2022,NA,NA
11,112,73,Wet Beaver,3/14/2022 0:00,Occupied,10.42,Riffle,NA,41,0.5,Cobble,Yes,-111.671467,34.674063,NA,NA,-111.671494,34.6741259,NA,0.15,NA,NA,NA,NA,NA,NA,Black Bass,90,192,Backpack Shocker,11/3/2022,NA,NA
13,113,95,Wet Beaver,3/14/2022 0:00,Occupied,6.79,Riffle,NA,27,0.51,Boulder,No,-111.669903,34.673868,NA,NA,-111.6699721,34.6738799,NA,0.5,NA,NA,0.3,NA,NA,NA,Desert Sucker,101,192,Backpack Shocker,11/3/2022,NA,NA
14,114,103,Wet Beaver,3/14/2022 0:00,Occupied,15.5,Riffle,NA,35,0,Pebble,Yes,-111.669557,34.673622,NA,NA,-111.6695977,34.6737214,NA,0.5,NA,NA,NA,NA,NA,NA,Desert Sucker,91,196,Backpack Shocker,11/3/2022,NA,NA
15,116,54,Wet Beaver,3/14/2022 0:00,Occupied,14.73,Pool,NA,42,0,Boulder,No,-111.672367,34.674412,NA,NA,-111.6723901,34.6745373,NA,0.75,NA,NA,NA,NA,NA,NA,Desert Sucker,86,201,Backpack Shocker,11/3/2022,NA,NA
18,117,51,Wet Beaver,3/14/2022 0:00,Occupied,6.1,Riffle,NA,21,1.76,Boulder,Yes,-111.67231,34.674673,NA,NA,-111.6723022,34.6745794,NA,0.15,NA,NA,0.5,NA,NA,NA,Desert Sucker,121,221,Backpack Shocker,11/3/2022,NA,NA
19,120,112,Wet Beaver,3/14/2022 0:00,Occupied,12.8,Pool,NA,100,0.05,Cobble,Yes,-111.669202,34.67339,Recorded negative flow as positive bc kaitlyn told us to. Finn-igan,NA,-111.6692059,34.673389,NA,0.15,NA,NA,NA,NA,NA,NA,Black Bass,77,182,Backpack Shocker,11/12/2022,NA,NA
20,121,116,Wet Beaver,3/14/2022 0:00,Occupied,9.56,Pool,NA,67,0.02,Cobble,Yes,-111.668958,34.67326,NA,NA,-111.6689685,34.673341,NA,0.1,NA,NA,NA,NA,NA,NA,Desert Sucker,86,192,Backpack Shocker,11/12/2022,NA,NA
21,124,110,Wet Beaver,3/14/2022 0:00,Occupied,11.75,Pool,NA,35,0.3,Pebble,Yes,-111.669202,34.673408,Gill-bert,NA,-111.6693096,34.6734389,NA,NA,NA,NA,0.5,NA,NA,NA,Desert Sucker,121,221,Backpack Shocker,11/12/2022,NA,Male
22,125,133,Wet Beaver,3/14/2022 0:00,Occupied,7.11,Pool,NA,78,0,Boulder,Yes,-111.668152,34.672718,NA,NA,-111.6680439,34.6727025,NA,0.1,NA,NA,NA,0.1,NA,NA,Black Bass,103,202,Backpack Shocker,11/12/2022,NA,Riffles
23,129,137,Wet Beaver,3/14/2022 0:00,Occupied,10.94,Riffle,NA,22,0.06,Pebble,No,-111.66798,34.672547,NA,NA,-111.6680471,34.6727324,NA,0.1,NA,NA,0.2,NA,NA,NA,Black Bass,112,201,Backpack Shocker,11/12/2022,NA,Riffles
24,131,144,Wet Beaver,3/14/2022 0:00,Occupied,15.5,Pool,NA,95,0,Gravel,Yes,-111.667697,34.672385,Jeremy,NA,-111.6676122,34.6724341,NA,NA,NA,NA,NA,NA,NA,NA,Black Bass,82,191,Backpack Shocker,11/12/2022,NA,Riffles
25,133,146,Wet Beaver,3/14/2022 0:00,Occupied,8.2,Pool,NA,NA,NA,Bedrock,Yes,-111.667593,34.6724,Gerald,NA,-111.6675634,34.672466,NA,NA,NA,NA,0.7,NA,NA,NA,Desert Sucker,75,193,Backpack Shocker,11/12/2022,NA,Riffles
26,134,173,Wet Beaver,3/14/2022 0:00,Available,7.45,Pool,NA,53,0.5,Gravel,Yes,-111.666518,34.673017,NAmed butter,NA,-111.6664108,34.6730315,NA,NA,NA,NA,NA,NA,NA,NA,Black Bass,107,226,Backpack Shocker,11/13/2022,NA,Pool
27,141,159,Wet Beaver,3/14/2022 0:00,Occupied,7.38,Riffle,NA,49,0.46,Cobble,Yes,-111.666918,34.672633,NA,NA,-111.6669081,34.6726792,NA,0.2,NA,NA,0.1,NA,NA,NA,Desert Sucker,76,180,Backpack Shocker,11/16/2022,NA,Pool
28,147,160,Wet Beaver,3/14/2022 0:00,Occupied,7.35,Riffle,NA,39,0.12,Cobble,No,-111.666885,34.672668,Pesto,NA,-111.6668903,34.6726696,NA,0.2,NA,NA,0.3,NA,NA,NA,Desert Sucker,88,198,Backpack Shocker,11/16/2022,NA,riffle
29,148,156,Wet Beaver,3/14/2022 0:00,Occupied,10.24,Pool,NA,65,0.1,Cobble,Yes,-111.666992,34.672613,NA,NA,-111.6670061,34.6725661,NA,NA,NA,NA,NA,NA,NA,NA,Desert Sucker,77,183,Backpack Shocker,11/16/2022,NA,pool
30,152,172,Wet Beaver,3/14/2022 0:00,Occupied,8.03,Pool,NA,53,0.22,Gravel,Yes,-111.666423,34.672983,NA,NA,-111.6664066,34.6730099,NA,0.1,NA,NA,NA,0.05,NA,NA,Black Bass,102,207,Backpack Shocker,11/15/2022,NA,NA
31,153,171,Wet Beaver,3/14/2022 0:00,Occupied,8.01,Pool,NA,55,0.18,Boulder,Yes,-111.666433,34.672993,NA,NA,-111.6664048,34.6729865,NA,0.1,NA,NA,NA,NA,NA,NA,Black Bass,112,208,Backpack Shocker,11/16/2022,NA,Pool
32,154,174,Wet Beaver,3/14/2022 0:00,Occupied,7.45,Pool,NA,60,0.37,Bedrock,Yes,-111.666447,34.673112,NAmed fly,NA,-111.6664286,34.6730245,NA,NA,NA,NA,NA,NA,NA,NA,Black Bass,75,181,Backpack Shocker,11/14/2022,NA,Pool
33,155,164,Wet Beaver,3/14/2022 0:00,Occupied,11.91,Riffle,NA,23,0.11,Cobble,Yes,-111.666703,34.672838,NA,NA,-111.6666783,34.6728495,NA,0.15,NA,NA,0.3,NA,NA,NA,Black Bass,143,231,Backpack Shocker,11/16/2022,NA,Pool
34,157,166,Wet Beaver,3/14/2022 0:00,Occupied,11.31,Pool,NA,>150,NA,Boulder,No,-111.666768,34.672943,NA,NA,-111.6666466,34.6728939,NA,NA,NA,NA,NA,NA,NA,NA,Black Bass,98,208,Backpack Shocker,11/28/2022,2nd Pool to Almost Crossing,NA
37,159,84,Wet Beaver,3/14/2022 0:00,Occupied,15.5,Pool,NA,>150,0,Sand,Yes,-111.670827,34.673997,NA,NA,-111.6707449,34.6740714,NA,NA,NA,NA,NA,NA,NA,NA,Black Bass,138,228,Backpack Shocker,11/22/2022,NA,pool
64,227,131,Wet Beaver,3/14/2022 0:00,Occupied,8.14,Pool,NA,69,0.16,Boulder,Yes,-111.668162,34.672772,NA,NA,-111.6682547,34.6727837,NA,0.5,NA,NA,NA,NA,NA,NA,NA,NA,NA,NA,NA,NA,NA
72,NA,49,Wet Beaver,3/14/2022 0:00,Available,5.14,Riffle,NA,43,0.23,Cobble,Yes,-111.672252,34.674702,NA,NA,-111.6723058,34.6746854,Confirmed cobble and canopy cover with photo,0.3,NA,NA,0.6,NA,NA,NA,NA,NA,NA,NA,NA,NA,NA
79,NA,56,Wet Beaver,3/14/2022 0:00,Available,NA,Pool,NA,>150,NA,NA,Yes,-111.672307,34.674422,NA,NA,-111.672232,34.6745002,NA,NA,NA,NA,NA,NA,NA,NA,NA,NA,NA,NA,NA,NA,NA
80,NA,57,Wet Beaver,3/14/2022 0:00,Available,NA,Pool,NA,>150,NA,NA,Yes,-111.67229,34.674322,NA,NA,-111.6722008,34.6744781,NA,NA,NA,NA,NA,NA,NA,NA,NA,NA,NA,NA,NA,NA,NA
84,NA,101,Wet Beaver,3/14/2022 0:00,Available,15.3,Riffle,NA,20,0.05,Cobble,"No,Yes",-111.669652,34.673687,NA,NA,-111.6696293,34.6737423,NA,0.1,NA,NA,NA,NA,NA,NA,NA,NA,NA,NA,NA,NA,NA
89,NA,66,Wet Beaver,3/14/2022 0:00,Available,11.26,Run,NA,45,0.41,Boulder,No,-111.671973,34.674105,NA,NA,-111.6719014,34.6741706,NA,0.3,NA,NA,NA,NA,NA,NA,NA,NA,NA,NA,NA,NA,NA
90,NA,67,Wet Beaver,3/14/2022 0:00,Available,9.89,Run,NA,47,0.25,Pebble,Yes,-111.671917,34.674088,NA,NA,-111.6718125,34.6741211,NA,0.3,NA,NA,NA,NA,NA,NA,NA,NA,NA,NA,NA,NA,NA
101,NA,78,Wet Beaver,3/14/2022 0:00,Available,12,Riffle,NA,36,0.17,Cobble,Yes,-111.671183,34.674028,NA,NA,-111.6712446,34.6740073,NA,0.25,NA,NA,NA,NA,NA,NA,NA,NA,NA,NA,NA,NA,NA
105,NA,82,Wet Beaver,3/14/2022 0:00,Available,15.92,Pool,NA,28,0.039,Cobble,Yes,-111.670907,34.674045,NA,NA,-111.6709047,34.6740831,NA,0.5,NA,NA,NA,NA,NA,NA,NA,NA,NA,NA,NA,NA,NA
109,NA,46,Wet Beaver,3/14/2022 0:00,Available,7.12,Pool,NA,>150,NA,NA,No,-111.672348,34.674835,NA,NA,-111.672358,34.6748183,NA,NA,NA,NA,NA,NA,NA,NA,NA,NA,NA,NA,NA,NA,NA
110,NA,47,Wet Beaver,3/14/2022 0:00,Available,NA,Riffle,NA,>150,NA,NA,Yes,-111.672318,34.674768,NA,NA,-111.6722833,34.6747976,Replaced all Riffle_ with Riffle ,NA,NA,NA,NA,NA,NA,NA,NA,NA,NA,NA,NA,NA,NA
111,NA,48,Wet Beaver,3/14/2022 0:00,Available,5.03,Riffle,NA,48,0.27,Boulder,Yes,-111.672283,34.674743,NA,NA,-111.6722945,34.6748372,Replaced all Boulder_ with Boulder,0.2,NA,NA,0.5,NA,NA,NA,NA,NA,NA,NA,NA,NA,NA
112,NA,89,Wet Beaver,3/14/2022 0:00,Available,11.7,Pool,NA,>150,NA,Sand,No,-111.670435,34.674018,NA,NA,-111.6703883,34.6740184,NA,NA,NA,NA,NA,NA,NA,NA,NA,NA,NA,NA,NA,NA,NA
113,NA,50,Wet Beaver,3/14/2022 0:00,Available,5.61,Riffle,NA,30,0.79,Cobble,Yes,-111.672287,34.674627,NA,NA,-111.6722817,34.6747078,NA,0.7,NA,NA,0.2,NA,NA,NA,NA,NA,NA,NA,NA,NA,NA
114,NA,91,Wet Beaver,3/14/2022 0:00,Available,6.17,Riffle,NA,117,0.81,Bedrock,Yes,-111.670187,34.673942,NA,NA,-111.6702099,34.6739709,NA,NA,NA,NA,NA,NA,NA,NA,NA,NA,NA,NA,NA,NA,NA
115,NA,92,Wet Beaver,3/14/2022 0:00,Available,6.78,Riffle,NA,20,0.43,Bedrock,No,-111.670128,34.673937,NA,NA,-111.6701206,34.6739707,NA,NA,NA,NA,NA,NA,NA,NA,NA,NA,NA,NA,NA,NA,NA
116,NA,53,Wet Beaver,3/14/2022 0:00,Available,9.43,Pool,NA,32,0.34,Cobble,Yes,-111.672382,34.674533,NA,NA,-111.6723546,34.6745451,NA,0.15,NA,NA,NA,NA,NA,NA,NA,NA,NA,NA,NA,NA,NA
117,NA,94,Wet Beaver,3/14/2022 0:00,Available,6.3,Riffle,NA,44,1.22,Bedrock,No,-111.669925,34.673932,NA,NA,-111.670003,34.6738338,NA,NA,0.05,NA,0.15,NA,NA,NA,NA,NA,NA,NA,NA,NA,NA
118,NA,55,Wet Beaver,3/14/2022 0:00,Available,13.75,Pool,NA,54,0.21,Gravel,Yes,-111.672325,34.674492,NA,NA,-111.672376,34.6745137,NA,NA,NA,NA,NA,NA,NA,NA,NA,NA,NA,NA,NA,NA,NA
119,NA,96,Wet Beaver,3/14/2022 0:00,Available,6.65,Riffle,NA,42,1.15,Boulder,No,-111.669917,34.67386,NA,NA,-111.6698535,34.6738226,NA,0.4,NA,NA,0.3,NA,NA,NA,NA,NA,NA,NA,NA,NA,NA
120,NA,97,Wet Beaver,3/14/2022 0:00,Available,10.35,Riffle,NA,25,0.92,Pebble,Yes,-111.669842,34.673843,NA,NA,-111.6698617,34.6738684,NA,0.15,NA,NA,0.05,NA,NA,NA,NA,NA,NA,NA,NA,NA,NA
121,NA,58,Wet Beaver,3/14/2022 0:00,Available,NA,Pool,NA,>150,NA,NA,Yes,-111.67225,34.674302,NA,NA,-111.6721745,34.6743769,NA,NA,NA,NA,NA,NA,NA,NA,NA,NA,NA,NA,NA,NA,NA
122,NA,59,Wet Beaver,3/14/2022 0:00,Available,NA,Pool,NA,>150,NA,NA,No,-111.672192,34.674273,NA,NA,-111.6721501,34.6743165,NA,NA,NA,NA,NA,NA,NA,NA,NA,NA,NA,NA,NA,NA,NA
123,NA,60,Wet Beaver,3/14/2022 0:00,Available,17.74,Pool,NA,>150,NA,Silt,Yes,-111.672123,34.674237,NA,NA,-111.67209,34.6742297,Changed all Silt/Clay to Silt,NA,NA,NA,NA,NA,NA,NA,NA,NA,NA,NA,NA,NA,NA
124,NA,141,Wet Beaver,3/14/2022 0:00,Available,13.12,Pool,NA,120,0,Silt,Yes,-111.667807,34.672473,NA,NA,-111.6677464,34.6725839,NA,NA,NA,NA,NA,NA,NA,NA,NA,NA,NA,NA,NA,NA,NA
125,NA,102,Wet Beaver,3/14/2022 0:00,Available,15.75,Riffle,NA,50,0.32,Cobble,Yes,-111.669582,34.673668,NA,NA,-111.6696088,34.6737178,NA,NA,NA,NA,NA,NA,NA,NA,NA,NA,NA,NA,NA,NA,NA
126,NA,63,Wet Beaver,3/14/2022 0:00,Available,16.99,Pool,NA,>150,NA,Silt,Yes,-111.672133,34.674163,NA,NA,-111.672035,34.6741836,NA,NA,NA,NA,NA,NA,NA,NA,NA,NA,NA,NA,NA,NA,NA
127,NA,64,Wet Beaver,3/14/2022 0:00,Available,13.99,Pool,NA,19,0.07,Cobble,No,-111.672052,34.674147,NA,NA,-111.6719998,34.6741605,NA,0.1,NA,NA,NA,NA,NA,NA,NA,NA,NA,NA,NA,NA,NA
128,NA,65,Wet Beaver,3/14/2022 0:00,Available,13.83,Pool,NA,26,0.02,Cobble,No,-111.67205,34.67414,NA,NA,-111.6719389,34.6741641,NA,0.1,NA,NA,NA,NA,NA,NA,NA,NA,NA,NA,NA,NA,NA
129,NA,106,Wet Beaver,3/14/2022 0:00,Available,12.4,Pool,NA,75,0.11,Pebble,Yes,-111.669392,34.673553,NA,NA,-111.6694172,34.6736093,NA,NA,NA,NA,NA,NA,NA,NA,NA,NA,NA,NA,NA,NA,NA
130,NA,107,Wet Beaver,3/14/2022 0:00,Available,14.1,Pool,NA,>150,NA,Gravel,Yes,-111.669292,34.673538,NA,NA,-111.6693137,34.6735961,NA,NA,NA,NA,NA,NA,NA,NA,NA,NA,NA,NA,NA,NA,NA
131,NA,108,Wet Beaver,3/14/2022 0:00,Available,13.65,Pool,NA,105,0,Silt,Yes,-111.669268,34.673478,NA,NA,-111.6692654,34.6735571,NA,NA,NA,NA,NA,NA,NA,NA,NA,NA,NA,NA,NA,NA,NA
132,NA,69,Wet Beaver,3/14/2022 0:00,Available,9.2,Riffle,NA,53,0.25,Pebble,Yes,-111.671583,34.674165,NA,NA,-111.671743,34.6741442,NA,NA,NA,NA,0.2,NA,NA,NA,NA,NA,NA,NA,NA,NA,NA
133,NA,70,Wet Beaver,3/14/2022 0:00,Available,8.7,Riffle,NA,40,0.04,Boulder,Yes,-111.674072,34.671627,NA,NA,-111.6716723,34.6741302,NA,0.4,NA,NA,NA,NA,NA,NA,NA,NA,NA,NA,NA,NA,NA
134,NA,71,Wet Beaver,3/14/2022 0:00,Available,9.28,Riffle,NA,51,0.02,Cobble,No,-111.671587,34.674077,NA,NA,-111.6715688,34.6740977,NA,0.5,NA,NA,NA,NA,NA,NA,NA,NA,NA,NA,NA,NA,NA
135,NA,72,Wet Beaver,3/14/2022 0:00,Available,9.57,Riffle,NA,55,0.18,Cobble,Yes,-111.671403,34.673998,NA,NA,-111.6715547,34.6741137,NA,NA,NA,NA,NA,NA,NA,NA,NA,NA,NA,NA,NA,NA,NA
136,NA,113,Wet Beaver,3/14/2022 0:00,Available,10,Riffle,NA,27,0.09,Boulder,No,-111.669132,34.673368,NA,NA,-111.6691655,34.67343,NA,0.4,NA,NA,0.1,NA,NA,NA,NA,NA,NA,NA,NA,NA,NA
137,NA,114,Wet Beaver,3/14/2022 0:00,Available,9.76,Pool,NA,44,0.22,Boulder,No,-111.669063,34.673345,NA,NA,-111.669072,34.6733955,NA,0.4,NA,NA,NA,NA,NA,NA,NA,NA,NA,NA,NA,NA,NA
138,NA,75,Wet Beaver,3/14/2022 0:00,Available,6.7,Riffle,NA,32,1.34,Boulder,Yes,-111.67128,34.674072,NA,NA,-111.6713814,34.6740625,NA,0.3,NA,NA,0.3,NA,NA,NA,NA,NA,NA,NA,NA,NA,NA
139,NA,76,Wet Beaver,3/14/2022 0:00,Available,8.1,Riffle,NA,27,0.21,Cobble,Yes,-111.671292,34.673978,NA,NA,-111.6713355,34.6740675,NA,0.5,NA,NA,0.05,NA,NA,NA,NA,NA,NA,NA,NA,NA,NA
140,NA,77,Wet Beaver,3/14/2022 0:00,Available,9.1,Riffle,NA,44,0.31,Cobble,Yes,-111.671258,34.674018,NA,NA,-111.6713028,34.6740069,NA,0.1,NA,NA,NA,NA,NA,NA,NA,NA,NA,NA,NA,NA,NA
141,NA,118,Wet Beaver,3/14/2022 0:00,Available,8.1,Riffle,NA,50,54,Cobble,No,-111.668898,34.67323,NA,NA,-111.668917,34.6732603,NA,0.15,NA,NA,0.05,NA,NA,NA,NA,NA,NA,NA,NA,NA,NA
142,NA,79,Wet Beaver,3/14/2022 0:00,Available,14.4,Riffle,NA,30,0.07,Bedrock,Yes,-111.67111,34.674028,NA,NA,-111.6711553,34.6740371,NA,0.25,NA,NA,NA,NA,NA,NA,NA,NA,NA,NA,NA,NA,NA
143,NA,80,Wet Beaver,3/14/2022 0:00,Available,17.4,Riffle,NA,36,1.38,Boulder,Yes,-111.671063,34.673937,NA,NA,-111.671027,34.6740188,NA,0.4,NA,NA,0.2,NA,NA,NA,NA,NA,NA,NA,NA,NA,NA
144,NA,81,Wet Beaver,3/14/2022 0:00,Available,15.01,Riffle,NA,34,0.38,Pebble,Yes,-111.670953,34.67404,NA,NA,-111.6709576,34.674016,NA,0.2,NA,NA,NA,NA,NA,NA,NA,NA,NA,NA,NA,NA,NA
145,NA,122,Wet Beaver,3/14/2022 0:00,Available,12.39,Riffle,NA,36,0.27,Boulder,No,-111.66866,34.673038,NA,NA,-111.6686967,34.6730512,NA,0.3,NA,NA,NA,NA,NA,NA,NA,NA,NA,NA,NA,NA,NA
146,NA,83,Wet Beaver,3/14/2022 0:00,Available,15.63,Pool,NA,>150,NA,Sand,Yes,-111.670837,34.673968,NA,NA,-111.6707692,34.6740724,NA,NA,NA,NA,NA,NA,NA,NA,NA,NA,NA,NA,NA,NA,NA
148,NA,85,Wet Beaver,3/14/2022 0:00,Available,15.5,Pool,NA,>150,NA,Sand,Yes,-111.670673,34.674037,NA,NA,-111.6707025,34.6740754,NA,NA,NA,NA,NA,NA,NA,NA,NA,NA,NA,NA,NA,NA,NA
149,NA,86,Wet Beaver,3/14/2022 0:00,Available,15.5,Pool,NA,>150,NA,Sand,Yes,-111.670573,34.674073,NA,NA,-111.6706207,34.6740899,NA,NA,NA,NA,NA,NA,NA,NA,NA,NA,NA,NA,NA,NA,NA
150,NA,87,Wet Beaver,3/14/2022 0:00,Available,15.5,Pool,NA,>150,NA,Sand,Yes,-111.670563,34.674068,NA,NA,-111.6705282,34.6740553,NA,NA,NA,NA,NA,NA,NA,NA,NA,NA,NA,NA,NA,NA,NA
151,NA,88,Wet Beaver,3/14/2022 0:00,Available,16.56,Pool,NA,>150,NA,Sand,No,-111.670542,34.674057,NA,NA,-111.670474,34.6740208,NA,NA,NA,NA,NA,NA,NA,NA,NA,NA,NA,NA,NA,NA,NA
152,NA,129,Wet Beaver,3/14/2022 0:00,Available,11.87,Pool,NA,43,0,Pebble,Yes,-111.668278,34.672873,NA,NA,-111.6682818,34.6728979,NA,NA,0.1,NA,NA,NA,NA,NA,NA,NA,NA,NA,NA,NA,NA
153,NA,90,Wet Beaver,3/14/2022 0:00,Available,9.7,Pool,NA,>150,NA,Pebble,Yes,-111.670377,34.674005,NA,NA,-111.6702483,34.6740389,NA,NA,NA,NA,NA,NA,NA,NA,NA,NA,NA,NA,NA,NA,NA
154,NA,132,Wet Beaver,3/14/2022 0:00,Available,7.24,Riffle,NA,29,1.18,Boulder,Yes,-111.668092,34.672723,NA,NA,-111.6682071,34.6728025,NA,0.7,NA,NA,0.2,NA,NA,NA,NA,NA,NA,NA,NA,NA,NA
155,NA,93,Wet Beaver,3/14/2022 0:00,Available,8.22,Riffle,NA,64,0.57,Boulder,No,-111.670048,34.67392,NA,NA,-111.6701062,34.6739575,Confirmed change to boulder with photo (known location),NA,NA,NA,0.5,NA,NA,NA,NA,NA,NA,NA,NA,NA,NA
156,NA,134,Wet Beaver,3/14/2022 0:00,Available,7.78,Riffle,NA,49,2.32,Boulder,Yes,-111.667998,34.672632,NA,NA,-111.6681033,34.6726999,NA,0.4,NA,NA,0.2,NA,NA,NA,NA,NA,NA,NA,NA,NA,NA
157,NA,135,Wet Beaver,3/14/2022 0:00,Available,7.91,Riffle,NA,36,0.79,Cobble,No,-111.668008,34.672577,NA,NA,-111.6680508,34.6727037,NA,0.3,NA,NA,0.4,NA,NA,NA,NA,NA,NA,NA,NA,NA,NA
158,NA,136,Wet Beaver,3/14/2022 0:00,Available,16,Riffle,NA,24,0.16,Cobble,No,-111.668027,34.672478,NA,NA,-111.6680416,34.6727093,NA,0.3,NA,NA,0.2,NA,NA,NA,NA,NA,NA,NA,NA,NA,NA
160,NA,98,Wet Beaver,3/14/2022 0:00,Available,9.5,Riffle,NA,32,0.99,Boulder,Yes,-111.669798,34.673803,NA,NA,-111.6697605,34.6738576,NA,0.25,NA,NA,0.05,NA,NA,0.05,NA,NA,NA,NA,NA,NA,NA
161,NA,99,Wet Beaver,3/14/2022 0:00,Available,13,Riffle,NA,33,0.8,Cobble,Yes,-111.669752,34.673737,NA,NA,-111.669737,34.6738188,NA,0.25,NA,NA,0.05,NA,NA,NA,NA,NA,NA,NA,NA,NA,NA
162,NA,100,Wet Beaver,3/14/2022 0:00,Available,17,Riffle,NA,40,0.3,Pebble,Yes,-111.669692,34.673768,NA,NA,-111.6696816,34.6737868,NA,0.1,NA,NA,0.1,NA,NA,NA,NA,NA,NA,NA,NA,NA,NA
164,NA,142,Wet Beaver,3/14/2022 0:00,Available,14.84,Pool,NA,98,0,Sand,Yes,-111.667825,34.672378,NA,NA,-111.6677244,34.6725309,NA,NA,NA,NA,NA,NA,NA,NA,NA,NA,NA,NA,NA,NA,NA
165,NA,143,Wet Beaver,3/14/2022 0:00,Available,12.39,Pool,NA,>150,NA,Gravel,Yes,-111.667667,34.672445,NA,NA,-111.6676716,34.6724419,NA,NA,NA,NA,NA,NA,NA,NA,NA,NA,NA,NA,NA,NA,NA
166,NA,104,Wet Beaver,3/14/2022 0:00,Available,15.5,Riffle,NA,21,0.42,Cobble,Yes,-111.669573,34.673613,NA,NA,-111.6694824,34.6736321,NA,0.2,NA,NA,NA,NA,NA,NA,NA,NA,NA,NA,NA,NA,NA
167,NA,105,Wet Beaver,3/14/2022 0:00,Available,15.5,Pool,NA,45,0.11,Boulder,No,-111.669492,34.673578,NA,NA,-111.6694985,34.67362,NA,0.1,NA,NA,NA,NA,NA,NA,NA,NA,NA,NA,NA,NA,NA
169,NA,147,Wet Beaver,3/14/2022 0:00,Available,6.08,Run,NA,36,0.49,Bedrock,No,-111.667558,34.672443,NA,NA,-111.667487,34.672397,NA,NA,NA,NA,NA,NA,NA,NA,NA,NA,NA,NA,NA,NA,NA
170,NA,148,Wet Beaver,3/14/2022 0:00,Available,5.61,Run,NA,30,0,Cobble,Yes,-111.667558,34.672215,NA,NA,-111.6674549,34.6724067,NA,NA,NA,NA,NA,NA,NA,NA,NA,NA,NA,NA,NA,NA,NA
171,NA,109,Wet Beaver,3/14/2022 0:00,Available,11.75,Pool,NA,50,0,Bedrock,No,-111.669247,34.67342,NA,NA,-111.6692684,34.6734262,NA,NA,NA,NA,NA,NA,NA,NA,NA,NA,NA,NA,NA,NA,NA
172,NA,150,Wet Beaver,3/14/2022 0:00,Available,17,Riffle,NA,NA,NA,Cobble,Yes,-111.667327,34.672458,Not safe to measure,NA,-111.6673454,34.6724741,NA,0.4,NA,NA,0.9,NA,NA,NA,NA,NA,NA,NA,NA,NA,NA
173,NA,111,Wet Beaver,3/14/2022 0:00,Available,10.72,Pool,NA,54,0.47,Cobble,No,-111.669202,34.673372,NA,NA,-111.6692481,34.6733999,NA,0.2,NA,NA,NA,NA,NA,NA,NA,NA,NA,NA,NA,NA,NA
174,NA,152,Wet Beaver,3/14/2022 0:00,Available,12.3,Pool,NA,45,0.24,Cobble,Yes,-111.667212,34.672463,NA,NA,-111.667185,34.6724997,NA,NA,NA,NA,NA,NA,NA,NA,NA,NA,NA,NA,NA,NA,NA
175,NA,153,Wet Beaver,3/14/2022 0:00,Available,9.6,Pool,NA,71,0.1,Cobble,Yes,-111.667202,34.672528,NA,NA,-111.6671274,34.6724878,NA,0.1,NA,NA,NA,NA,NA,NA,NA,NA,NA,NA,NA,NA,NA
176,NA,154,Wet Beaver,3/14/2022 0:00,Available,10.6,Pool,NA,41,0.01,Cobble,Yes,-111.667153,34.672513,NA,NA,-111.6670787,34.6725611,NA,0.15,NA,NA,NA,NA,NA,NA,NA,NA,NA,NA,NA,NA,NA
177,NA,115,Wet Beaver,3/14/2022 0:00,Available,8.06,Pool,NA,80,0.01,Pebble,No,-111.668993,34.673283,NA,NA,-111.6690309,34.6733773,NA,NA,NA,NA,NA,NA,NA,NA,NA,NA,NA,NA,NA,NA,NA
179,NA,117,Wet Beaver,3/14/2022 0:00,Available,11.75,Pool,NA,65,0.03,Cobble,No,-111.668957,34.673262,NA,NA,-111.6689514,34.6733309,NA,0.1,NA,NA,NA,NA,NA,NA,NA,NA,NA,NA,NA,NA,NA
180,NA,158,Wet Beaver,3/14/2022 0:00,Available,7.34,Riffle,NA,24,0.65,Boulder,No,-111.666898,34.672635,NA,NA,-111.6668828,34.6726619,NA,0.4,NA,NA,0.4,NA,NA,NA,NA,NA,NA,NA,NA,NA,NA
181,NA,119,Wet Beaver,3/14/2022 0:00,Available,6.94,Riffle,NA,44,0.68,Cobble,Yes,-111.668837,34.6732,NA,NA,-111.6688401,34.6732384,NA,0.2,NA,NA,0.2,NA,NA,NA,NA,NA,NA,NA,NA,NA,NA
182,NA,120,Wet Beaver,3/14/2022 0:00,Available,7.79,Riffle,NA,28,0.29,Cobble,No,-111.668803,34.673183,NA,NA,-111.6688087,34.6731906,NA,0.15,NA,NA,0.25,NA,NA,NA,NA,NA,NA,NA,NA,NA,NA
183,NA,121,Wet Beaver,3/14/2022 0:00,Available,12,Riffle,NA,38,0.41,Boulder,No,-111.668692,34.673097,NA,NA,-111.6687322,34.6731561,NA,0.4,NA,NA,0.05,NA,NA,NA,NA,NA,NA,NA,NA,NA,NA
184,NA,162,Wet Beaver,3/14/2022 0:00,Available,7.63,Riffle,NA,44,0.94,Cobble,No,-111.666853,34.672757,NA,NA,-111.666755,34.6727525,NA,0.2,NA,NA,NA,0.1,NA,NA,NA,NA,NA,NA,NA,NA,NA
185,NA,123,Wet Beaver,3/14/2022 0:00,Available,12.74,Pool,NA,31,0.04,Cobble,No,-111.66856,34.67302,NA,NA,-111.6685839,34.6730562,NA,NA,NA,NA,NA,NA,NA,NA,NA,NA,NA,NA,NA,NA,NA
187,NA,125,Wet Beaver,3/14/2022 0:00,Available,10.16,Pool,NA,73,0.09,Cobble,No,-111.673503,34.672997,NA,NA,-111.6685831,34.6730591,NA,NA,NA,NA,NA,NA,NA,NA,NA,NA,NA,NA,NA,NA,NA
188,NA,126,Wet Beaver,3/14/2022 0:00,Available,10.03,Pool,NA,33,0.08,Gravel,Yes,-111.668467,34.672967,NA,NA,-111.6685374,34.6730187,NA,NA,NA,NA,NA,NA,NA,NA,NA,NA,NA,NA,NA,NA,NA
189,NA,127,Wet Beaver,3/14/2022 0:00,Available,15.64,Pool,NA,66,0.06,Silt,Yes,-111.66838,34.672903,NA,NA,-111.6684165,34.6729681,NA,NA,NA,NA,NA,NA,NA,NA,NA,NA,NA,NA,NA,NA,NA
190,NA,128,Wet Beaver,3/14/2022 0:00,Available,11.42,Pool,NA,49,0,Gravel,Yes,-111.668347,34.672867,NA,NA,-111.6683578,34.6729472,NA,NA,NA,NA,NA,NA,NA,NA,NA,NA,NA,NA,NA,NA,NA
191,NA,169,Wet Beaver,3/14/2022 0:00,Available,5.89,Riffle,NA,26,0.35,Cobble,No,-111.666487,34.672937,NA,NA,-111.6664566,34.6729708,NA,0.4,NA,NA,0.2,NA,NA,NA,NA,NA,NA,NA,NA,NA,NA
192,NA,130,Wet Beaver,3/14/2022 0:00,Available,8.29,Pool,NA,58,0.01,Pebble,Yes,-111.668218,34.672802,NA,NA,-111.6682452,34.6728982,NA,0.1,NA,NA,NA,NA,NA,NA,NA,NA,NA,NA,NA,NA,NA
200,NA,138,Wet Beaver,3/14/2022 0:00,Available,10.47,Pool,NA,52,0.2,Pebble,Yes,-111.666667,34.666667,NA,NA,-111.667955,34.6726265,NA,NA,NA,NA,NA,0.1,NA,NA,NA,NA,NA,NA,NA,NA,NA
201,NA,139,Wet Beaver,3/14/2022 0:00,Available,13.5,Pool,NA,106,0.06,Gravel,Yes,-111.667895,34.672502,NA,NA,-111.6678949,34.6726471,NA,NA,NA,NA,NA,NA,NA,NA,NA,NA,NA,NA,NA,NA,NA
202,NA,140,Wet Beaver,3/14/2022 0:00,Available,13,Pool,NA,>150,NA,Gravel,No,-111.667837,34.672517,NA,NA,-111.6679054,34.6726166,NA,NA,NA,NA,NA,NA,NA,NA,NA,NA,NA,NA,NA,NA,NA
207,NA,145,Wet Beaver,3/14/2022 0:00,Available,9.09,Pool,NA,>150,NA,Bedrock,Yes,-111.667663,34.67237,NA,NA,-111.6676147,34.6724118,NA,NA,NA,NA,NA,NA,NA,NA,NA,NA,NA,NA,NA,NA,NA
211,NA,149,Wet Beaver,3/14/2022 0:00,Available,5.82,Riffle,NA,NA,NA,Boulder,No,-111.667373,34.672398,Not safe to measure,NA,-111.6674102,34.672455,NA,0.7,NA,NA,0.9,NA,NA,NA,NA,NA,NA,NA,NA,NA,NA
213,NA,151,Wet Beaver,3/14/2022 0:00,Available,18.8,Riffle,NA,30,0.54,Cobble,Yes,-111.667262,34.6725,NA,NA,-111.6672566,34.6724586,NA,0.1,NA,NA,NA,NA,NA,NA,NA,NA,NA,NA,NA,NA,NA
217,NA,155,Wet Beaver,3/14/2022 0:00,Available,9.23,Pool,NA,54,0.1,Pebble,Yes,-111.66704,34.672553,NA,NA,-111.6670251,34.6725729,NA,NA,NA,NA,NA,NA,NA,NA,NA,NA,NA,NA,NA,NA,NA
219,NA,157,Wet Beaver,3/14/2022 0:00,Available,7.53,Pool,NA,23,0.03,Pebble,Yes,-111.666998,34.672632,NA,NA,-111.6669576,34.6726484,NA,0.2,NA,NA,NA,0.1,NA,0.1,NA,NA,NA,NA,NA,NA,NA
223,NA,161,Wet Beaver,3/14/2022 0:00,Available,10.45,Riffle,NA,21,0.66,Boulder,Yes,-111.666853,34.672757,NA,NA,-111.6668612,34.6727008,NA,0.5,NA,NA,NA,NA,NA,NA,NA,NA,NA,NA,NA,NA,NA
225,NA,163,Wet Beaver,3/14/2022 0:00,Available,7.94,Riffle,NA,74,1.34,Boulder,Yes,-111.666853,34.672757,NA,NA,-111.6666817,34.6728365,NA,0.7,NA,NA,0.3,NA,NA,NA,NA,NA,NA,NA,NA,NA,NA
227,NA,165,Wet Beaver,3/14/2022 0:00,Available,14.32,Riffle,NA,24,1.43,Cobble,Yes,-111.666622,34.672822,NA,NA,-111.666622,34.6728313,NA,0.2,NA,NA,0.5,NA,NA,NA,NA,NA,NA,NA,NA,NA,NA
229,NA,167,Wet Beaver,3/14/2022 0:00,Available,24.92,Riffle,NA,29,0.23,Gravel,No,-111.666557,34.672892,NA,NA,-111.666526,34.6728318,NA,0.1,NA,NA,NA,NA,NA,NA,NA,NA,NA,NA,NA,NA,NA
230,NA,168,Wet Beaver,3/14/2022 0:00,Available,5.86,Run,NA,35,0.28,Gravel,Yes,-111.666527,34.672908,NA,NA,-111.6664831,34.6729021,NA,0.1,NA,NA,NA,0.05,NA,NA,NA,NA,NA,NA,NA,NA,NA
232,NA,170,Wet Beaver,3/14/2022 0:00,Available,8.06,Pool,NA,25,0.06,Cobble,No,-111.666477,34.672973,NA,NA,-111.6664024,34.6729907,NA,0.3,NA,NA,NA,NA,NA,0.25,NA,NA,NA,NA,NA,NA,NA
35,157,232,West Clear,3/16/2022 0:00,Occupied,14.56,Riffle,NA,38,0.43,Boulder,Yes,-111.685193,34.538287,NA,NA,-111.6851482,34.5383108,NA,0.4,NA,NA,NA,NA,NA,NA,Black Bass,98,208,Backpack Shocker,11/28/2022,2nd Pool to Almost Crossing,NA
36,158,301,West Clear,3/16/2022 0:00,Occupied,19.94,Pool,NA,60,0.17,Pebble,Yes,-111.680723,34.66986,NA,NA,-111.6806738,34.5366161,NA,NA,NA,NA,NA,NA,NA,NA,Desert Sucker,247,278,Backpack Shocker,11/28/2022,4th Pool to Honey Hole,All DS in Honey Hole
39,160,260,West Clear,3/16/2022 0:00,Occupied,9.94,Riffle,NA,>150,NA,NA,NA,-111.683912,34.538592,NA,NA,-111.6839071,34.5386158,NA,NA,NA,NA,NA,NA,NA,NA,Black Bass,77,186,Backpack Shocker,11/28/2022,Camp Crossing,NA
40,161,306,West Clear,3/16/2022 0:00,Occupied,17.6,Pool,NA,>150,NA,NA,NA,-111.680293,34.536272,NA,NA,-111.6802642,34.5362465,NA,NA,NA,NA,NA,NA,NA,NA,Desert Sucker,224,263,Backpack Shocker,11/28/2022,Camp Crossing,NA
41,162,241,West Clear,3/16/2022 0:00,Available,8.44,Riffle,NA,70,0.29,Cobble,Yes,-111.685053,34.538308,NA,NA,-111.685036,34.5383231,NA,NA,NA,NA,NA,0.5,NA,NA,Black Bass,89,204,Backpack Shocker,11/28/2022,Start to 2nd Pool,internal clear liquid
42,163,235,West Clear,3/16/2022 0:00,Occupied,12.63,Riffle,NA,34,0.27,Boulder,Yes,-111.685143,34.538292,NA,NA,-111.6851222,34.5383011,NA,0.5,NA,NA,NA,0.2,NA,NA,Desert Sucker,239,277,Backpack Shocker,11/28/2022,4th Pool to Honey Hole,All DS in Honey Hole
43,163,237,West Clear,3/16/2022 0:00,Occupied,13.61,Riffle,NA,50,0.11,Boulder,Yes,-111.685097,34.538298,NA,NA,-111.6851502,34.5383169,NA,0.2,NA,NA,NA,NA,NA,NA,Desert Sucker,239,277,Backpack Shocker,11/28/2022,4th Pool to Honey Hole,All DS in Honey Hole
44,164,308,West Clear,3/16/2022 0:00,Occupied,17.6,Pool,NA,>150,NA,NA,NA,-111.68029,34.536252,NA,NA,-111.6802564,34.5362789,NA,NA,NA,NA,NA,NA,NA,NA,Desert Sucker,285,288,Backpack Shocker,11/28/2022,4th Pool to Honey Hole,All DS in Honey Hole
45,165,324,West Clear,3/16/2022 0:00,Occupied,16.92,Pool,NA,104,0.06,Silt,Yes,-111.67849,34.535788,NA,NA,-111.6785613,34.535844,NA,NA,NA,NA,NA,0.1,NA,NA,Black Bass,79,193,Backpack Shocker,11/28/2022,2nd Pool to Almost Crossing,NA
46,166,203,West Clear,3/16/2022 0:00,Occupied,16,Pool,NA,>150,NA,Gravel,No,-111.687043,34.538078,NA,NA,-111.6869714,34.5381098,NA,NA,NA,NA,NA,NA,NA,NA,Black Bass,79,188,Backpack Shocker,11/28/2022,4th Pool to Honey Hole,NA
47,168,233,West Clear,3/16/2022 0:00,Occupied,12.72,Riffle,NA,37,0.97,Boulder,Yes,-111.685193,34.538287,NA,NA,-111.6851697,34.5382224,NA,0.5,NA,NA,NA,NA,NA,NA,Black Bass,76,184,Backpack Shocker,11/28/2022,2nd Pool to Almost Crossing,NA
48,169,310,West Clear,3/16/2022 0:00,Occupied,17.6,Pool,NA,>150,NA,NA,NA,-111.68029,34.536252,NA,NA,-111.680269,34.5362551,NA,NA,NA,NA,NA,NA,NA,NA,Desert Sucker,224,256,Backpack Shocker,11/28/2022,Camp Crossing,NA
49,171,238,West Clear,3/16/2022 0:00,Occupied,13.61,Riffle,NA,52,0.24,Boulder,Yes,-111.685092,34.538298,NA,NA,-111.6851436,34.5383287,NA,0.2,NA,NA,NA,NA,NA,NA,Black Bass,95,202,Backpack Shocker,11/28/2022,2nd Pool to Almost Crossing,NA
50,172,234,West Clear,3/16/2022 0:00,Occupied,12.75,Riffle,NA,30,0.28,Boulder,Yes,-111.685193,34.538287,NA,NA,-111.6851339,34.5382782,NA,0.7,NA,NA,NA,NA,NA,NA,Black Bass,82,190,Backpack Shocker,11/28/2022,2nd Pool to Almost Crossing,NA
51,173,245,West Clear,3/16/2022 0:00,Occupied,12.3,Riffle,NA,33,0.36,Boulder,No,-111.676848,34.535688,NA,NA,-111.6848143,34.5384231,NA,0.3,NA,NA,NA,NA,NA,NA,Black Bass,75,186,Backpack Shocker,11/28/2022,2nd Pool to Almost Crossing,NA
52,175,240,West Clear,3/16/2022 0:00,Occupied,8.45,Riffle,NA,65,0,Pebble,Yes,-111.685047,34.538312,NA,NA,-111.6850411,34.5382812,NA,NA,NA,NA,NA,0.4,NA,NA,Black Bass,73,187,Backpack Shocker,11/28/2022,Start to 2nd Pool,NA
53,176,309,West Clear,3/16/2022 0:00,Occupied,17.6,Pool,NA,>150,NA,NA,NA,-111.68029,34.536252,NA,NA,-111.680257,34.5362634,NA,NA,NA,NA,NA,NA,NA,NA,Desert Sucker,186,252,Backpack Shocker,11/28/2022,Honey Hole,NA
54,178,206,West Clear,3/16/2022 0:00,Occupied,9.42,Riffle,NA,57,0.3,Boulder,Yes,-111.686857,34.704655,NA,NA,-111.6867775,34.538016,NA,0.7,NA,NA,NA,NA,NA,NA,Black Bass,117,221,Backpack Shocker,11/28/2022,Start to 2nd Pool,NA
55,181,255,West Clear,3/16/2022 0:00,Occupied,15.6,Pool,NA,60,0.14,Gravel,No,-111.684172,34.538523,NA,NA,-111.6842739,34.5385497,NA,NA,NA,NA,NA,NA,NA,NA,Black Bass,81,196,Backpack Shocker,11/28/2022,Start to 2nd Pool,NA
56,182,265,West Clear,3/16/2022 0:00,Occupied,7.74,Riffle,NA,62,0,Gravel,Yes,-111.68374,34.538653,NA,NA,-111.6837362,34.5386898,NA,NA,NA,NA,NA,0.1,NA,NA,Black Bass,100,200,Backpack Shocker,11/28/2022,Start to 2nd Pool,internal clear liquid
57,184,262,West Clear,3/16/2022 0:00,Occupied,9.98,Riffle,NA,>150,NA,NA,NA,-111.683852,34.538597,NA,NA,-111.6839176,34.5385451,NA,NA,NA,NA,NA,NA,NA,NA,Black Bass,98,204,Backpack Shocker,11/28/2022,Start to 2nd Pool,NA
58,185,254,West Clear,3/16/2022 0:00,Occupied,15.6,Pool,NA,50,0,Gravel,No,-111.68417,34.538407,NA,NA,-111.6842785,34.5385183,NA,0.2,NA,NA,NA,NA,NA,NA,Black Bass,88,201,Backpack Shocker,11/28/2022,Camp Crossing,NA
59,189,318,West Clear,3/16/2022 0:00,Occupied,10.14,Riffle,NA,59,0.7,Boulder,Yes,-111.679187,34.535962,NA,NA,-111.6793416,34.53605,NA,0.2,NA,NA,0.5,NA,NA,NA,Desert Sucker,160,240,Backpack Shocker,11/28/2022,Honey Hole,NA
60,197,307,West Clear,3/16/2022 0:00,Occupied,17.6,Pool,NA,>150,NA,NA,NA,-111.68029,34.536252,NA,NA,-111.6802749,34.5362678,NA,NA,NA,NA,NA,NA,NA,NA,Desert Sucker,205,256,Backpack Shocker,11/28/2022,Honey Hole,NA
61,199,268,West Clear,3/16/2022 0:00,Occupied,8.22,Riffle,NA,<150,NA,NA,NA,-111.68373,34.538662,Not safe to measure,NA,-111.6836905,34.5386338,NA,NA,NA,NA,NA,NA,NA,NA,Black Bass,76,184,Backpack Shocker,11/28/2022,Camp Crossing,NA
62,200,319,West Clear,3/16/2022 0:00,Occupied,10.81,Riffle,NA,60,1.18,Boulder,Yes,-111.67917,34.535938,NA,NA,-111.6791763,34.53603,NA,0.3,NA,NA,0.6,NA,NA,NA,Desert Sucker,262,277,Backpack Shocker,11/28/2022,Honey Hole,NA
63,218,218,West Clear,3/16/2022 0:00,Occupied,11.52,Riffle,NA,59,0.35,Boulder,Yes,-111.686042,34.538222,NAmed bruno!,NA,-111.6861386,34.5381667,NA,0.65,NA,NA,NA,NA,NA,NA,Black Bass,87,194,Backpack Shocker,11/28/2022,2nd Pool to Almost Crossing,NA
147,NA,204,West Clear,3/16/2022 0:00,Available,16.04,Pool,NA,64,0,Gravel,No,-111.687038,34.538048,NA,NA,-111.6869235,34.5380756,NA,0.15,NA,NA,NA,NA,NA,NA,NA,NA,NA,NA,NA,NA,NA
159,NA,177,West Clear,3/16/2022 0:00,Available,8.5,Pool,NA,45,0.02,Pebble,No,-111.68868,34.538475,NA,NA,-111.6887098,34.5384918,NA,0.1,NA,NA,NA,0.2,NA,NA,NA,NA,NA,NA,NA,NA,NA
163,NA,181,West Clear,3/16/2022 0:00,Available,7.18,Riffle,NA,43,0.59,Pebble,Yes,-111.688163,34.538282,NA,NA,-111.6881478,34.5383301,NA,NA,NA,NA,0.5,0.1,NA,NA,NA,NA,NA,NA,NA,NA,NA
168,NA,186,West Clear,3/16/2022 0:00,Available,7.5,Run,NA,33,0.11,Gravel,Yes,-111.688692,34.538172,NA,NA,-111.6884629,34.5381594,NA,0.3,NA,NA,NA,NA,NA,NA,NA,NA,NA,NA,NA,NA,NA
178,NA,196,West Clear,3/16/2022 0:00,Available,20.41,Pool,NA,108,0,Silt,Yes,-111.687533,34.538252,NA,NA,-111.6875149,34.538256,NA,NA,NA,NA,NA,NA,NA,NA,NA,NA,NA,NA,NA,NA,NA
186,NA,244,West Clear,3/16/2022 0:00,Available,10.98,Riffle,NA,48,0.64,Pebble,Yes,-111.684773,34.538352,NA,NA,-111.6848942,34.5384469,NA,0.15,NA,NA,NA,NA,NA,NA,NA,NA,NA,NA,NA,NA,NA
193,NA,211,West Clear,3/16/2022 0:00,Available,21.02,Riffle,NA,38,0.49,Boulder,Yes,-111.686737,34.538092,NA,NA,-111.6865431,34.5380629,NA,0.6,NA,NA,NA,NA,NA,NA,NA,NA,NA,NA,NA,NA,NA
194,NA,212,West Clear,3/16/2022 0:00,Available,19.3,Riffle,NA,39,0.11,Boulder,No,-111.686377,34.538067,NA,NA,-111.6864386,34.5380458,NA,0.6,NA,NA,NA,NA,NA,NA,NA,NA,NA,NA,NA,NA,NA
195,NA,213,West Clear,3/16/2022 0:00,Available,15.76,Riffle,NA,49,0.41,Boulder,No,-111.686308,34.538032,NA,NA,-111.6863889,34.5380729,NA,0.3,NA,NA,NA,NA,NA,NA,NA,NA,NA,NA,NA,NA,NA
196,NA,214,West Clear,3/16/2022 0:00,Available,12.48,Riffle,NA,41,0.58,Boulder,Yes,-111.686323,34.538147,NA,NA,-111.6863337,34.5380789,NA,0.15,NA,NA,NA,NA,NA,NA,NA,NA,NA,NA,NA,NA,NA
197,NA,175,West Clear,3/16/2022 0:00,Available,14.3,Riffle,NA,42,0.5,Pebble,No,-111.688985,34.538462,NA,NA,-111.6889468,34.5384548,NA,0.3,NA,NA,NA,NA,NA,NA,NA,NA,NA,NA,NA,NA,NA
198,NA,176,West Clear,3/16/2022 0:00,Available,10.69,Pool,NA,73,0.14,Pebble,No,-111.688893,34.538417,NA,NA,-111.6888361,34.5384694,NA,NA,NA,NA,NA,NA,NA,NA,NA,NA,NA,NA,NA,NA,NA
199,NA,217,West Clear,3/16/2022 0:00,Available,9.73,Riffle,NA,44,0.23,Cobble,Yes,-111.686085,34.538202,NA,NA,-111.68615,34.5381627,NA,0.2,NA,NA,NA,NA,NA,NA,NA,NA,NA,NA,NA,NA,NA
203,NA,221,West Clear,3/16/2022 0:00,Available,14.07,Riffle,NA,56,0.55,Cobble,No,-111.685755,34.538197,NA,NA,-111.6859755,34.5381315,NA,0.1,NA,NA,NA,NA,NA,NA,NA,NA,NA,NA,NA,NA,NA
204,NA,182,West Clear,3/16/2022 0:00,Available,26.7,Pool,NA,107,0.02,Gravel,No,-111.688048,34.538207,NA,NA,-111.6880453,34.5382087,NA,NA,NA,NA,NA,NA,NA,NA,NA,NA,NA,NA,NA,NA,NA
205,NA,183,West Clear,3/16/2022 0:00,Available,9.54,Pool,NA,36,0.03,Cobble,Yes,-111.688218,34.538193,NA,NA,-111.6881483,34.5381889,NA,0.2,NA,NA,NA,0.1,NA,NA,NA,NA,NA,NA,NA,NA,NA
206,NA,184,West Clear,3/16/2022 0:00,Available,12.6,Riffle,NA,26,0.27,Pebble,Yes,-111.688343,34.538083,NA,NA,-111.6882356,34.5381458,NA,0.2,NA,NA,NA,0.1,NA,NA,NA,NA,NA,NA,NA,NA,NA
208,NA,226,West Clear,3/16/2022 0:00,Available,14.21,Run,NA,31,0.02,Sand,Yes,-111.685603,34.538208,NA,NA,-111.6856501,34.5382926,NA,0.05,NA,NA,NA,0.05,NA,0.3,NA,NA,NA,NA,NA,NA,NA
209,NA,187,West Clear,3/16/2022 0:00,Available,7.14,Run,NA,59,0.18,Silt,Yes,-111.688873,34.538232,NA,NA,-111.6887916,34.5382423,NA,NA,NA,NA,NA,0.2,NA,0.1,NA,NA,NA,NA,NA,NA,NA
210,NA,188,West Clear,3/16/2022 0:00,Available,7.1,Riffle,NA,19,0.04,Cobble,No,-111.689028,34.5382,NA,NA,-111.6889538,34.5382092,NA,0.3,NA,NA,NA,NA,NA,NA,NA,NA,NA,NA,NA,NA,NA
212,NA,190,West Clear,3/16/2022 0:00,Available,4.5,Riffle,NA,26,0.14,Boulder,Yes,-111.689338,34.538267,NA,NA,-111.6893094,34.5382549,NA,0.4,NA,NA,0.2,NA,NA,NA,NA,NA,NA,NA,NA,NA,NA
214,NA,192,West Clear,3/16/2022 0:00,Available,15.74,Pool,NA,>150,NA,NA,Yes,-111.687953,34.538077,NA,NA,-111.6878888,34.5381241,NA,NA,NA,NA,NA,NA,NA,NA,NA,NA,NA,NA,NA,NA,NA
215,NA,193,West Clear,3/16/2022 0:00,Available,19.95,Pool,NA,>150,NA,NA,No,-111.687718,34.53829,NA,NA,-111.6877045,34.5382776,NA,NA,NA,NA,NA,NA,NA,NA,NA,NA,NA,NA,NA,NA,NA
216,NA,194,West Clear,3/16/2022 0:00,Available,20.21,Pool,NA,>150,NA,NA,No,-111.687668,34.538327,NA,NA,-111.6876383,34.5382899,NA,NA,NA,NA,NA,NA,NA,NA,NA,NA,NA,NA,NA,NA,NA
218,NA,236,West Clear,3/16/2022 0:00,Available,13.54,Riffle,NA,62,0.86,Boulder,Yes,-111.685135,34.538305,NA,NA,-111.6851017,34.5383272,NA,0.4,NA,NA,0.05,NA,NA,NA,NA,NA,NA,NA,NA,NA,NA
220,NA,198,West Clear,3/16/2022 0:00,Available,19.1,Pool,NA,>150,NA,NA,No,-111.687347,34.538218,NA,NA,-111.6873445,34.5382319,NA,NA,NA,NA,NA,NA,NA,NA,NA,NA,NA,NA,NA,NA,NA
221,NA,199,West Clear,3/16/2022 0:00,Available,16.29,Pool,NA,>150,NA,NA,No,-111.687317,34.53819,NA,NA,-111.6872452,34.5381905,NA,NA,NA,NA,NA,NA,NA,NA,NA,NA,NA,NA,NA,NA,NA
222,NA,200,West Clear,3/16/2022 0:00,Available,19.01,Pool,NA,64,0,Silt,Yes,-111.687265,34.538162,NA,NA,-111.6871605,34.5381707,NA,NA,NA,NA,NA,NA,NA,NA,NA,NA,NA,NA,NA,NA,NA
224,NA,202,West Clear,3/16/2022 0:00,Available,17.1,Pool,NA,>150,NA,NA,No,-111.687078,34.538092,NA,NA,-111.6870316,34.5381058,NA,NA,NA,NA,NA,NA,NA,NA,NA,NA,NA,NA,NA,NA,NA
226,NA,284,West Clear,3/16/2022 0:00,Available,12.46,Pool,NA,89,0.46,Boulder,Yes,-111.682567,34.538042,NA,NA,-111.6826485,34.5381566,NA,0.4,NA,NA,NA,NA,NA,NA,NA,NA,NA,NA,NA,NA,NA
228,NA,246,West Clear,3/16/2022 0:00,Available,13.3,Riffle,NA,56,0.23,Boulder,No,-111.684682,34.538402,NA,NA,-111.6848038,34.5384163,NA,0.4,NA,NA,0.05,NA,NA,NA,NA,NA,NA,NA,NA,NA,NA
231,NA,209,West Clear,3/16/2022 0:00,Occupied,14.08,Riffle,NA,62,0.49,Gravel,Yes,-111.686497,34.538032,NA,NA,-111.6866562,34.5380555,NA,0.15,NA,NA,NA,NA,NA,NA,NA,NA,NA,NA,NA,NA,NA
233,NA,251,West Clear,3/16/2022 0:00,Available,10.9,Riffle,NA,65,0.47,Cobble,No,-111.68442,34.538497,NA,NA,-111.6844512,34.5385572,NA,0.1,NA,NA,NA,NA,NA,NA,NA,NA,NA,NA,NA,NA,NA
234,NA,252,West Clear,3/16/2022 0:00,Available,12.4,Riffle,NA,26,0.34,Silt,Yes,-111.684358,34.538532,NA,NA,-111.6844062,34.5385059,NA,NA,NA,NA,NA,NA,NA,0.8,NA,NA,NA,NA,NA,NA,NA
235,NA,253,West Clear,3/16/2022 0:00,Available,15.6,Pool,NA,66,0.4,Boulder,No,-111.68411,34.538427,NA,NA,-111.6843948,34.5385047,NA,0.3,NA,NA,NA,NA,NA,NA,NA,NA,NA,NA,NA,NA,NA
236,NA,294,West Clear,3/16/2022 0:00,Available,14.8,Riffle,NA,73,0.47,Cobble,Yes,-111.681333,34.53706,NA,NA,-111.6814453,34.5370785,NA,0.3,NA,NA,0.2,NA,NA,NA,NA,NA,NA,NA,NA,NA,NA
237,NA,215,West Clear,3/16/2022 0:00,Available,10.58,Riffle,NA,50,0.64,Boulder,No,-111.686173,34.53813,NA,NA,-111.6862663,34.5380941,NA,0.3,NA,NA,NA,NA,NA,NA,NA,NA,NA,NA,NA,NA,NA
238,NA,216,West Clear,3/16/2022 0:00,Available,9.54,Riffle,NA,46,0.4,Cobble,No,-111.686163,34.538087,NA,NA,-111.6862075,34.538115,NA,0.2,NA,NA,NA,NA,NA,NA,NA,NA,NA,NA,NA,NA,NA
239,NA,257,West Clear,3/16/2022 0:00,Available,14.6,Pool,NA,53,0.12,Cobble,Yes,-111.684013,34.538365,NA,NA,-111.6841039,34.5386241,NA,0.1,NA,NA,NA,NA,NA,NA,NA,NA,NA,NA,NA,NA,NA
240,NA,178,West Clear,3/16/2022 0:00,Available,9.48,Pool,NA,85,0.08,Cobble,Yes,-111.688507,34.538458,NA,NA,-111.6885247,34.5385559,NA,0.1,NA,NA,NA,NA,NA,NA,NA,NA,NA,NA,NA,NA,NA
241,NA,179,West Clear,3/16/2022 0:00,Available,7.29,Riffle,NA,37,0.21,Boulder,No,-111.688438,34.538412,NA,NA,-111.6883976,34.5384918,NA,0.3,NA,NA,0.3,NA,NA,NA,NA,NA,NA,NA,NA,NA,NA
242,NA,180,West Clear,3/16/2022 0:00,Available,7.03,Riffle,NA,45,0.45,Boulder,Yes,-111.688298,34.53838,NA,NA,-111.6882947,34.5383777,NA,0.3,NA,NA,0.3,NA,NA,NA,NA,NA,NA,NA,NA,NA,NA
243,NA,261,West Clear,3/16/2022 0:00,Available,9.91,Riffle,NA,61,0.07,Silt,Yes,-111.683917,34.538598,NA,NA,-111.6839218,34.5385672,NA,NA,NA,NA,NA,0.3,NA,NA,NA,NA,NA,NA,NA,NA,NA
244,NA,222,West Clear,3/16/2022 0:00,Available,15.01,Riffle,NA,38,0.28,Pebble,No,-111.685773,34.538188,NA,NA,-111.6859004,34.5381717,NA,0.15,NA,NA,NA,NA,NA,NA,NA,NA,NA,NA,NA,NA,NA
245,NA,223,West Clear,3/16/2022 0:00,Available,14.95,Riffle,NA,50,0.96,Boulder,No,-111.685725,34.538292,NA,NA,-111.6858241,34.5381935,NA,0.5,NA,NA,0.05,NA,NA,NA,NA,NA,NA,NA,NA,NA,NA
246,NA,224,West Clear,3/16/2022 0:00,Available,13.09,Riffle,NA,42,0.84,Gravel,Yes,-111.685692,34.538245,NA,NA,-111.6857801,34.5382041,NA,0.3,NA,NA,NA,NA,NA,NA,NA,NA,NA,NA,NA,NA,NA
247,NA,185,West Clear,3/16/2022 0:00,Available,9.3,Run,NA,35,0.05,Gravel,No,-111.688493,34.538183,NA,NA,-111.6882719,34.5381312,NA,0.1,NA,NA,NA,NA,NA,0.05,NA,NA,NA,NA,NA,NA,NA
248,NA,266,West Clear,3/16/2022 0:00,Available,8.07,Riffle,NA,38,0,Cobble,Yes,-111.683653,34.538668,NA,NA,-111.6836337,34.5386917,NA,0.2,NA,NA,0.2,NA,NA,NA,NA,NA,NA,NA,NA,NA,NA
249,NA,227,West Clear,3/16/2022 0:00,Available,14.03,Run,NA,58,0.28,Pebble,Yes,-111.685498,34.53826,NA,NA,-111.6855824,34.5382352,NA,0.15,NA,NA,NA,NA,NA,NA,NA,NA,NA,NA,NA,NA,NA
250,NA,228,West Clear,3/16/2022 0:00,Available,12.26,Riffle,NA,84,0.65,Boulder,No,-111.685473,34.538295,NA,NA,-111.6855048,34.5383103,NA,0.3,NA,NA,NA,NA,NA,NA,NA,NA,NA,NA,NA,NA,NA
251,NA,189,West Clear,3/16/2022 0:00,Available,5.3,Riffle,NA,29,0.55,Cobble,Yes,-111.689192,34.538217,NA,NA,-111.689177,34.5382201,NA,0.1,NA,NA,0.1,NA,NA,NA,NA,NA,NA,NA,NA,NA,NA
252,NA,230,West Clear,3/16/2022 0:00,Available,17.16,Riffle,NA,34,1.16,Cobble,Yes,-111.685273,34.538265,NA,NA,-111.6853297,34.5383294,NA,0.35,NA,NA,0.1,NA,NA,NA,NA,NA,NA,NA,NA,NA,NA
253,NA,191,West Clear,3/16/2022 0:00,Available,19.24,Pool,NA,99,0,Pebble,No,-111.688063,34.538092,NA,NA,-111.6880237,34.5381325,NA,NA,NA,NA,NA,NA,NA,NA,NA,NA,NA,NA,NA,NA,NA
254,NA,272,West Clear,3/16/2022 0:00,Available,11.75,Riffle,NA,49,0.03,Boulder,Yes,-111.683272,34.538523,NA,NA,-111.6833705,34.5386271,NA,0.2,NA,NA,NA,NA,NA,NA,NA,NA,NA,NA,NA,NA,NA
255,NA,273,West Clear,3/16/2022 0:00,Available,8.19,Riffle,NA,60,0.77,Cobble,Yes,-111.683218,34.538537,NA,NA,-111.683296,34.5386115,NA,0.1,NA,NA,0.1,NA,NA,NA,NA,NA,NA,NA,NA,NA,NA
256,NA,274,West Clear,3/16/2022 0:00,Available,8.15,Riffle,NA,48,0.64,Cobble,No,-111.683168,34.538525,NA,NA,-111.6832236,34.5385562,NA,0.2,NA,NA,0.3,NA,NA,NA,NA,NA,NA,NA,NA,NA,NA
257,NA,195,West Clear,3/16/2022 0:00,Available,21.3,Pool,NA,>150,NA,NA,No,-111.687588,34.538288,NA,NA,-111.6875994,34.538292,NA,NA,NA,NA,NA,NA,NA,NA,NA,NA,NA,NA,NA,NA,NA
258,NA,276,West Clear,3/16/2022 0:00,Available,11.86,Riffle,NA,37,0.21,Boulder,No,-111.682995,34.538485,NA,NA,-111.6830574,34.5384825,NA,0.2,NA,NA,0.2,NA,NA,NA,NA,NA,NA,NA,NA,NA,NA
259,NA,197,West Clear,3/16/2022 0:00,Available,23.39,Pool,NA,>150,NA,NA,Yes,-111.687455,34.538303,NA,NA,-111.6874157,34.5382489,NA,NA,NA,NA,NA,NA,NA,NA,NA,NA,NA,NA,NA,NA,NA
260,NA,278,West Clear,3/16/2022 0:00,Available,19,Riffle,NA,59,0.45,Cobble,No,-111.682982,34.538392,NA,NA,-111.6830027,34.538472,NA,0.2,NA,NA,0.1,NA,NA,NA,NA,NA,NA,NA,NA,NA,NA
261,NA,239,West Clear,3/16/2022 0:00,Available,8.18,Riffle,NA,69,0.08,Pebble,No,-111.685063,34.538318,NA,NA,-111.6850687,34.5383257,NA,0.1,NA,NA,NA,NA,NA,NA,NA,NA,NA,NA,NA,NA,NA
262,NA,280,West Clear,3/16/2022 0:00,Available,22.7,Riffle,NA,23,0.38,Gravel,No,-111.682773,34.538352,NA,NA,-111.6828416,34.53839,NA,NA,NA,NA,NA,NA,NA,NA,NA,NA,NA,NA,NA,NA,NA
263,NA,201,West Clear,3/16/2022 0:00,Available,21.21,Pool,NA,14,0,Silt,Yes,-111.687148,34.538137,NA,NA,-111.6871104,34.5381531,NA,NA,NA,NA,NA,0.3,NA,NA,NA,NA,NA,NA,NA,NA,NA
264,NA,242,West Clear,3/16/2022 0:00,Available,8.88,Riffle,NA,NA,NA,NA,Yes,-111.685003,34.538297,A little sketch ,NA,-111.6850101,34.5382864,NA,NA,NA,NA,NA,NA,NA,NA,NA,NA,NA,NA,NA,NA,NA
265,NA,243,West Clear,3/16/2022 0:00,Available,11.95,Riffle,NA,25,0.65,Cobble,Yes,-111.684878,34.538387,NA,NA,-111.6850397,34.5384813,NA,0.1,NA,NA,NA,NA,NA,NA,NA,NA,NA,NA,NA,NA,NA
266,NA,297,West Clear,3/16/2022 0:00,Available,14.3,Riffle,NA,27,0.22,Pebble,Yes,-111.681048,34.536787,NA,NA,-111.681181,34.5369126,NA,0.1,NA,NA,0.2,NA,NA,NA,NA,NA,NA,NA,NA,NA,NA
267,NA,205,West Clear,3/16/2022 0:00,Available,13.91,Riffle,NA,81,0.35,Gravel,Yes,-111.68695,34.538002,NA,NA,-111.6868531,34.5380439,NA,0.35,NA,NA,NA,NA,NA,NA,NA,NA,NA,NA,NA,NA,NA
268,NA,286,West Clear,3/16/2022 0:00,Available,10.26,Pool,NA,95,0.11,Cobble,Yes,-111.682352,34.537877,NA,NA,-111.6824586,34.5379525,NA,NA,NA,NA,NA,NA,NA,NA,NA,NA,NA,NA,NA,NA,NA
269,NA,207,West Clear,3/16/2022 0:00,Available,9.21,Riffle,NA,72,0.33,Boulder,Yes,-111.686817,34.537962,NA,NA,-111.6867397,34.5379583,NA,0.9,NA,NA,0.05,NA,NA,NA,NA,NA,NA,NA,NA,NA,NA
270,NA,208,West Clear,3/16/2022 0:00,Available,18.2,Riffle,NA,39,0.3,Gravel,Yes,-111.686783,34.537973,NA,NA,-111.6866685,34.5379978,NA,0.5,NA,NA,NA,NA,NA,NA,NA,NA,NA,NA,NA,NA,NA
271,NA,249,West Clear,3/16/2022 0:00,Available,11.4,Riffle,NA,50,0.14,Boulder,No,-111.684525,34.538542,NA,NA,-111.6846161,34.5384108,NA,0.5,NA,NA,0.2,NA,NA,NA,NA,NA,NA,NA,NA,NA,NA
272,NA,210,West Clear,3/16/2022 0:00,Available,17.43,Riffle,NA,60,0.48,Cobble,Yes,-111.686563,34.53805,NA,NA,-111.6865767,34.5380441,NA,0.1,NA,NA,NA,NA,NA,NA,NA,NA,NA,NA,NA,NA,NA
273,NA,291,West Clear,3/16/2022 0:00,Available,15.1,Pool,NA,65,0.22,Gravel,Yes,-111.68179,34.537462,NA,NA,-111.681971,34.5374826,NA,0.3,NA,NA,NA,NA,NA,NA,NA,NA,NA,NA,NA,NA,NA
274,NA,292,West Clear,3/16/2022 0:00,Available,14.23,Pool,NA,30,0.02,Boulder,Yes,-111.681757,34.537295,NA,NA,-111.6818656,34.5373565,NA,0.6,NA,NA,NA,NA,NA,NA,NA,NA,NA,NA,NA,NA,NA
275,NA,293,West Clear,3/16/2022 0:00,Available,16.2,Riffle,NA,54,0.33,Cobble,Yes,-111.681698,34.537188,NA,NA,-111.6817959,34.5372558,NA,0.4,NA,NA,0.05,NA,NA,NA,NA,NA,NA,NA,NA,NA,NA
276,NA,267,West Clear,3/16/2022 0:00,Available,6.76,Riffle,NA,24,0.19,Cobble,Yes,-111.683558,34.53868,NA,NA,-111.6836463,34.538656,NA,0.2,NA,NA,0.05,NA,NA,NA,NA,NA,NA,NA,NA,NA,NA
277,NA,295,West Clear,3/16/2022 0:00,Available,12.4,Riffle,NA,108,0.58,Cobble,Yes,-111.681347,34.536983,NA,NA,-111.6813089,34.5370034,NA,0.2,NA,NA,NA,NA,NA,NA,NA,NA,NA,NA,NA,NA,NA
278,NA,256,West Clear,3/16/2022 0:00,Available,15.6,Pool,NA,71,0.19,Boulder,No,-111.684122,34.538535,NA,NA,-111.684285,34.5385804,NA,0.6,NA,NA,NA,NA,NA,NA,NA,NA,NA,NA,NA,NA,NA
279,NA,270,West Clear,3/16/2022 0:00,Available,9,Riffle,NA,32,0.21,Silt,No,-111.683417,34.538608,NA,NA,-111.6835259,34.5386945,NA,0.1,NA,NA,NA,NA,NA,0.1,NA,NA,NA,NA,NA,NA,NA
280,NA,258,West Clear,3/16/2022 0:00,Available,13.69,Pool,NA,88,0.15,Cobble,No,-111.68391,34.538483,NA,NA,-111.6841331,34.5386128,NA,NA,NA,NA,NA,NA,NA,NA,NA,NA,NA,NA,NA,NA,NA
281,NA,219,West Clear,3/16/2022 0:00,Available,10.84,Riffle,NA,39,0.15,Gravel,Yes,-111.686007,34.538187,NA,NA,-111.6860568,34.5381967,NA,0.6,NA,NA,0.4,NA,NA,NA,NA,NA,NA,NA,NA,NA,NA
282,NA,220,West Clear,3/16/2022 0:00,Available,12.85,Riffle,NA,52,0.4,Boulder,No,-111.685903,34.538222,NA,NA,-111.686016,34.5381252,NA,NA,NA,NA,NA,NA,NA,NA,NA,NA,NA,NA,NA,NA,NA
283,NA,314,West Clear,3/16/2022 0:00,Available,12.25,Riffle,NA,43,0.37,Boulder,Yes,-111.679818,34.536053,NA,NA,-111.6798995,34.5360458,NA,0.2,NA,NA,0.1,NA,NA,NA,NA,NA,NA,NA,NA,NA,NA
284,NA,302,West Clear,3/16/2022 0:00,Available,20.5,Pool,NA,>150,NA,NA,NA,-111.680552,34.669843,NA,NA,-111.6805715,34.5365753,NA,NA,NA,NA,NA,NA,NA,NA,NA,NA,NA,NA,NA,NA,NA
285,NA,263,West Clear,3/16/2022 0:00,Available,9.98,Riffle,NA,>150,NA,NA,NA,-111.683823,34.538618,NA,NA,-111.6838068,34.5386082,NA,NA,NA,NA,NA,NA,NA,NA,NA,NA,NA,NA,NA,NA,NA
286,NA,264,West Clear,3/16/2022 0:00,Available,7.96,Riffle,NA,80,0.06,NA,Yes,-111.683733,34.538653,NA,NA,-111.6838302,34.538621,NA,NA,NA,NA,0.1,0.1,NA,NA,NA,NA,NA,NA,NA,NA,NA
287,NA,225,West Clear,3/16/2022 0:00,Available,13.53,Riffle,NA,53,0.32,Sand,Yes,-111.685638,34.538237,NA,NA,-111.6857061,34.5382308,NA,NA,NA,NA,NA,NA,NA,NA,NA,NA,NA,NA,NA,NA,NA
288,NA,279,West Clear,3/16/2022 0:00,Available,8.21,Riffle,NA,39,0.14,Gravel,Yes,-111.682857,34.53839,NA,NA,-111.6830088,34.5383973,NA,NA,NA,NA,NA,0.1,NA,NA,NA,NA,NA,NA,NA,NA,NA
289,NA,320,West Clear,3/16/2022 0:00,Available,12.3,Riffle,NA,64,0.91,Boulder,Yes,-111.679107,34.535958,NA,NA,-111.6791878,34.5359968,NA,0.4,NA,NA,0.3,NA,NA,NA,NA,NA,NA,NA,NA,NA,NA
290,NA,281,West Clear,3/16/2022 0:00,Available,26.5,Riffle,NA,61,0.3,Cobble,No,-111.682803,34.538273,NA,NA,-111.6827344,34.5382876,NA,0.1,NA,NA,NA,NA,NA,NA,NA,NA,NA,NA,NA,NA,NA
291,NA,229,West Clear,3/16/2022 0:00,Available,13.65,Riffle,NA,48,1.07,Pebble,No,-111.685363,34.5383,NA,NA,-111.6854167,34.5383043,NA,0.15,NA,NA,NA,NA,NA,NA,NA,NA,NA,NA,NA,NA,NA
292,NA,283,West Clear,3/16/2022 0:00,Available,15.3,Pool,NA,62,0.37,Pebble,Yes,-111.682657,34.538162,Started 16 m intervals,NA,-111.6827133,34.5382065,NA,0.2,NA,NA,NA,NA,NA,NA,NA,NA,NA,NA,NA,NA,NA
293,NA,231,West Clear,3/16/2022 0:00,Available,15.25,Riffle,NA,46,0.82,Boulder,No,-111.685293,34.538287,NA,NA,-111.6852768,34.5383155,NA,0.6,NA,NA,0.4,NA,NA,NA,NA,NA,NA,NA,NA,NA,NA
294,NA,312,West Clear,3/16/2022 0:00,Available,11.48,Riffle,NA,44,0.23,Pebble,Yes,-111.679982,34.536063,NA,NA,-111.6800741,34.5361028,NA,0.1,NA,NA,NA,NA,NA,NA,NA,NA,NA,NA,NA,NA,NA
295,NA,313,West Clear,3/16/2022 0:00,Available,12,Riffle,NA,70,0.3,Boulder,Yes,-111.679865,34.536032,NA,NA,-111.6799182,34.5361279,NA,0.4,NA,NA,NA,NA,NA,NA,NA,NA,NA,NA,NA,NA,NA
296,NA,247,West Clear,3/16/2022 0:00,Available,12.43,Riffle,NA,63,0.87,Cobble,Yes,-111.684645,34.53838,NA,NA,-111.6847006,34.5384104,NA,0.2,NA,NA,NA,NA,NA,NA,NA,NA,NA,NA,NA,NA,NA
297,NA,275,West Clear,3/16/2022 0:00,Available,8.34,Riffle,NA,46,0.66,Cobble,Yes,-111.683053,34.538457,NA,NA,-111.6831554,34.538534,NA,0.2,NA,NA,0.2,NA,NA,NA,NA,NA,NA,NA,NA,NA,NA
298,NA,316,West Clear,3/16/2022 0:00,Available,12.81,Riffle,NA,53,0.35,Boulder,Yes,-111.679447,34.535968,NA,NA,-111.6795919,34.5360729,NA,0.3,NA,NA,0.1,NA,NA,NA,NA,NA,NA,NA,NA,NA,NA
299,NA,277,West Clear,3/16/2022 0:00,Available,15.47,Riffle,NA,97,0.08,Boulder,Yes,-111.699715,34.538447,NA,NA,-111.6830287,34.5384792,NA,0.4,NA,NA,NA,NA,NA,NA,NA,NA,NA,NA,NA,NA,NA
300,NA,304,West Clear,3/16/2022 0:00,Available,21.87,Pool,NA,>150,NA,NA,NA,-111.680328,34.536333,NA,NA,-111.6804389,34.5364706,NA,NA,NA,NA,NA,NA,NA,NA,NA,NA,NA,NA,NA,NA,NA
301,NA,305,West Clear,3/16/2022 0:00,Available,17.43,Pool,NA,>150,NA,NA,NA,-111.680293,34.536272,NA,NA,-111.6802397,34.5362733,NA,NA,NA,NA,NA,NA,NA,NA,NA,NA,NA,NA,NA,NA,NA
302,NA,323,West Clear,3/16/2022 0:00,Available,17.02,Pool,NA,73,0.06,Silt,Yes,-111.678572,34.535837,NA,NA,-111.6785467,34.5358134,NA,NA,NA,NA,NA,NA,NA,NA,NA,NA,NA,NA,NA,NA,NA
303,NA,285,West Clear,3/16/2022 0:00,Available,11.22,Pool,NA,88,0.2,Boulder,No,-111.682472,34.537948,NA,NA,-111.6825534,34.5380403,NA,0.5,NA,NA,NA,NA,NA,NA,NA,NA,NA,NA,NA,NA,NA
304,NA,282,West Clear,3/16/2022 0:00,Available,6.03,Riffle,NA,58,0.12,Cobble,Yes,-111.682748,34.538263,NA,NA,-111.682758,34.5382687,NA,0.2,NA,NA,NA,NA,NA,NA,NA,NA,NA,NA,NA,NA,NA
305,NA,296,West Clear,3/16/2022 0:00,Available,13.2,Riffle,NA,85,0.39,Cobble,Yes,-111.681273,34.536828,NA,NA,-111.6812859,34.5369944,NA,0.3,NA,NA,0.2,NA,NA,NA,NA,NA,NA,NA,NA,NA,NA
306,NA,248,West Clear,3/16/2022 0:00,Available,12.62,Riffle,NA,38,0.12,Boulder,Yes,-111.684563,34.538407,NA,NA,-111.6846415,34.5384819,NA,0.4,NA,NA,0.05,NA,NA,NA,NA,NA,NA,NA,NA,NA,NA
307,NA,289,West Clear,3/16/2022 0:00,Available,13.45,Pool,NA,78,0.06,Gravel,Yes,-111.681998,34.537593,NA,NA,-111.6821687,34.5376038,NA,0.2,NA,NA,NA,NA,NA,NA,NA,NA,NA,NA,NA,NA,NA
308,NA,326,West Clear,3/16/2022 0:00,Available,14.92,Pool,NA,43,0,Silt,Yes,-111.678237,34.535657,NA,NA,-111.6782656,34.5356604,NA,NA,NA,NA,NA,0.4,NA,NA,NA,NA,NA,NA,NA,NA,NA
309,NA,300,West Clear,3/16/2022 0:00,Available,13.18,Pool,NA,52,0.05,Pebble,Yes,-111.68075,34.536548,NA,NA,-111.6808766,34.5366827,NA,NA,NA,NA,NA,NA,NA,NA,NA,NA,NA,NA,NA,NA,NA
310,NA,269,West Clear,3/16/2022 0:00,Available,6.15,Riffle,NA,28,0.44,Cobble,Yes,-111.683482,34.53857,NA,NA,-111.6837639,34.5386796,NA,0.2,NA,NA,NA,NA,NA,NA,NA,NA,NA,NA,NA,NA,NA
311,NA,287,West Clear,3/16/2022 0:00,Available,12.31,Pool,NA,55,0.11,Cobble,Yes,-111.682363,34.53774,NA,NA,-111.6823726,34.5378983,NA,0.1,NA,NA,NA,NA,NA,0.3,NA,NA,NA,NA,NA,NA,NA
312,NA,250,West Clear,3/16/2022 0:00,Available,12.2,Riffle,NA,22,0.23,Silt,Yes,-111.684345,34.538432,NA,NA,-111.6845797,34.538501,NA,NA,NA,NA,NA,0.2,NA,0.3,NA,NA,NA,NA,NA,NA,NA
313,NA,317,West Clear,3/16/2022 0:00,Available,10.86,Riffle,NA,67,0.29,Boulder,Yes,-111.679287,34.535997,NA,NA,-111.6794496,34.5359724,NA,0.4,NA,NA,NA,NA,NA,NA,NA,NA,NA,NA,NA,NA,NA
314,NA,299,West Clear,3/16/2022 0:00,Available,15.3,Pool,NA,46,0.36,Boulder,Yes,-111.680847,34.536672,NA,NA,-111.6809501,34.5367497,NA,0.4,NA,NA,NA,NA,NA,NA,NA,NA,NA,NA,NA,NA,NA
315,NA,322,West Clear,3/16/2022 0:00,Available,11.78,Riffle,NA,43,0.19,Boulder,Yes,-111.678733,34.535877,NA,NA,-111.6789464,34.5359557,NA,0.6,NA,NA,NA,NA,NA,NA,NA,NA,NA,NA,NA,NA,NA
316,NA,298,West Clear,3/16/2022 0:00,Available,7.33,Riffle,NA,23,0.25,Boulder,Yes,-111.680978,34.536722,NA,NA,-111.68109,34.5368368,NA,0.2,NA,NA,0.2,NA,NA,NA,NA,NA,NA,NA,NA,NA,NA
317,NA,321,West Clear,3/16/2022 0:00,Available,8.83,Riffle,NA,51,1.33,Boulder,Yes,-111.679023,34.536062,NA,NA,-111.6791332,34.5360107,NA,0.3,NA,NA,0.7,NA,NA,NA,NA,NA,NA,NA,NA,NA,NA
318,NA,290,West Clear,3/16/2022 0:00,Available,11.01,Riffle,NA,24,0.3,Silt,Yes,-111.681893,34.53747,NA,NA,-111.6820432,34.5375991,NA,NA,NA,NA,NA,NA,NA,0.4,NA,NA,NA,NA,NA,NA,NA
319,NA,311,West Clear,3/16/2022 0:00,Available,10.57,Riffle,NA,28,0.31,Cobble,Yes,-111.680118,34.53607,NA,NA,-111.6802783,34.5362474,NA,0.2,NA,NA,NA,NA,NA,NA,NA,NA,NA,NA,NA,NA,NA
320,NA,315,West Clear,3/16/2022 0:00,Available,13.23,Riffle,NA,34,0.1,Cobble,Yes,-111.679605,34.536053,NA,NA,-111.679795,34.5361188,NA,0.1,NA,NA,NA,0.4,NA,NA,NA,NA,NA,NA,NA,NA,NA
321,NA,259,West Clear,3/16/2022 0:00,Available,11.01,Pool,NA,67,0,Silt,Yes,-111.683948,34.538588,NA,NA,-111.6839828,34.5385369,NA,NA,0.3,NA,NA,NA,NA,NA,NA,NA,NA,NA,NA,NA,NA
322,NA,325,West Clear,3/16/2022 0:00,Available,13.15,Pool,NA,>150,NA,NA,NA,-111.678382,34.535673,NA,NA,-111.6785393,34.5358247,NA,NA,NA,NA,NA,NA,NA,NA,NA,NA,NA,NA,NA,NA,NA
323,NA,303,West Clear,3/16/2022 0:00,Available,16.76,Pool,NA,>150,NA,NA,NA,-111.680485,34.536417,NA,NA,-111.6804613,34.536479,NA,NA,NA,NA,NA,NA,NA,NA,NA,NA,NA,NA,NA,NA,NA
324,NA,271,West Clear,3/16/2022 0:00,Available,9.72,Riffle,NA,61,0.91,Bedrock,No,-111.683335,34.538577,NA,NA,-111.6834266,34.5386304,NA,0.1,NA,NA,NA,NA,NA,NA,NA,NA,NA,NA,NA,NA,NA
325,NA,288,West Clear,3/16/2022 0:00,Available,12.92,Riffle,NA,74,0,Boulder,Yes,-111.682118,34.53767,NA,NA,-111.6822671,34.5378548,NA,0.3,NA,NA,NA,0.2,NA,NA,NA,NA,NA,NA,NA,NA,NA
