"","Species","Stream","Group","Mesohabitat","Observed","Unique","Available","Ratio_Pool","RPool_95L","RPool_95H","RPool_80L","RPool_80H","RPool_Percent_Support","Ratio_Riffle","RRiffle_95L","RRiffle_95H","RRiffle_80L","RRiffle_80H","RRiffle_Percent_Support","Ratio_Run","RRun_95L","RRun_95H","RRun_80L","RRun_80H","RRun_Percent_Support","Mesohabitat_Riffle","MesoRiffle_95L","MesoRiffle_95H","MesoRiffle_80L","MesoRiffle_80H","MesoRiffle_Percent_Support","Mesohabitat_Run","MesoRun_95L","MesoRun_95H","MesoRun_80L","MesoRun_80H","MesoRun_Percent_Support","Velocity Coef","Velocity_95L","Velocity_95H","Velocity_80L","Velocity_80H","V_Percent_Support","Depth Coef","Depth_95L","Depth_95H","Depth_80L","Depth_80H","D_Percent_Support","Sub Coef","Sub_95L","Sub_95H","Sub_80L","Sub_80H","S_Percent_Support","VelFull Coef","VelFull_95L","VelFull_95H","VelFull_80L","VelFull_80H","VF_Percent_Support","DepthFull Coef","DepthFull_95L","DepthFull_95H","DepthFull_80L","DepthFull_80H","DF_Percent_Support","Instream Coef","Instream_95L","Instream_95H","Instream_80L","Instream_80H","I_Percent_Support","Canopy Coef","Canopy_95L","Canopy_95H","Canopy_80L","Canopy_80H","C_Percent_Support","Velocity_25","Velocity_75","Velocity_t_stat_50","Velocity_p_50","Velocity_5","Velocity_95","Velocity_t_stat_90","Velocity_p_90","Velocity_Min","Velocity_Max","Depth_25","Depth_75","Depth_t_stat_50","Depth_p_50","Depth_5","Depth_95","Depth_t_stat_90","Depth_p_90","Depth_Min","Depth_Max","Substrate_25","Substrate_75","Substrate_t_stat_50","Substrate_p_50","Substrate_5","Substrate_95","Substrate_t_stat_90","Substrate_p_90","Substrate_Min","Substrate_Max","Instream_25","Instream_75","Instream_t_stat_50","Instream_p_50","Instream_5","Instream_95","Instream_t_stat_90","Instream_p_90","Instream_Min","Instream_Max","Canopy_Chi","Canopy_P","C_Prob_Support0.05","Canopy_Min","Canopy_Max"
"1","BB","WB","Active","Meso",55,21,520,1.375,1.118,1.623,1.209,1.54,0.999,0.214,0,0.44,0.119,0.387,1,0.598,0,1.591,0,1.312,0.812,-3.198,-17.208,-0.955,-2.553,-1.181,1,-4.927,-15.22,0.235,-15.156,0.022,0.888,NA,NA,NA,NA,NA,NA,NA,NA,NA,NA,NA,NA,NA,NA,NA,NA,NA,NA,NA,NA,NA,NA,NA,NA,NA,NA,NA,NA,NA,NA,NA,NA,NA,NA,NA,NA,NA,NA,NA,NA,NA,NA,NA,NA,NA,NA,NA,NA,NA,NA,NA,NA,NA,NA,NA,NA,NA,NA,NA,NA,NA,NA,NA,NA,NA,NA,NA,NA,NA,NA,NA,NA,NA,NA,NA,NA,NA,NA,NA,NA,NA,NA,NA,NA,NA,NA,NA
"2","BB","WB","Inactive","Meso",38,21,409,0.861,0.466,1.285,0.603,1.13,0.754,0.607,0.178,1.129,0.33,0.938,0.928,1.771,1.052,2.52,1.302,2.255,0.985,-0.86,-2.073,0.399,-1.494,0.034,0.892,0.49,-0.257,1.279,0.012,0.981,0.906,NA,NA,NA,NA,NA,NA,NA,NA,NA,NA,NA,NA,NA,NA,NA,NA,NA,NA,NA,NA,NA,NA,NA,NA,NA,NA,NA,NA,NA,NA,NA,NA,NA,NA,NA,NA,NA,NA,NA,NA,NA,NA,NA,NA,NA,NA,NA,NA,NA,NA,NA,NA,NA,NA,NA,NA,NA,NA,NA,NA,NA,NA,NA,NA,NA,NA,NA,NA,NA,NA,NA,NA,NA,NA,NA,NA,NA,NA,NA,NA,NA,NA,NA,NA,NA,NA,NA
"3","BB","WB","March","Meso",16,16,116,1.374,1.066,1.745,1.157,1.603,0.996,0.409,0.167,0.622,0.19,0.575,1,1.495,0,3.054,0.727,2.387,0.704,-1.386,-2.303,-0.644,-2.083,-0.76,1,-0.801,-15.364,0.749,-0.75,0.511,0.482,NA,NA,NA,NA,NA,NA,NA,NA,NA,NA,NA,NA,NA,NA,NA,NA,NA,NA,NA,NA,NA,NA,NA,NA,NA,NA,NA,NA,NA,NA,NA,NA,NA,NA,NA,NA,NA,NA,NA,NA,NA,NA,NA,NA,NA,NA,NA,NA,NA,NA,NA,NA,NA,NA,NA,NA,NA,NA,NA,NA,NA,NA,NA,NA,NA,NA,NA,NA,NA,NA,NA,NA,NA,NA,NA,NA,NA,NA,NA,NA,NA,NA,NA,NA,NA,NA,NA
"4","BB","WC","Active","Meso",82,17,1150,1.171,0.682,1.717,0.836,1.532,0.711,0.708,0.307,1.124,0.443,0.993,0.909,2.234,0,5.203,0.531,4.009,0.885,-0.584,-1.593,0.308,-1.18,0.012,0.896,-0.817,-14.922,1.703,-0.479,1.345,0.316,NA,NA,NA,NA,NA,NA,NA,NA,NA,NA,NA,NA,NA,NA,NA,NA,NA,NA,NA,NA,NA,NA,NA,NA,NA,NA,NA,NA,NA,NA,NA,NA,NA,NA,NA,NA,NA,NA,NA,NA,NA,NA,NA,NA,NA,NA,NA,NA,NA,NA,NA,NA,NA,NA,NA,NA,NA,NA,NA,NA,NA,NA,NA,NA,NA,NA,NA,NA,NA,NA,NA,NA,NA,NA,NA,NA,NA,NA,NA,NA,NA,NA,NA,NA,NA,NA,NA
"5","BB","WC","Inactive","Meso",10,10,129,1.291,0.69,1.954,0.936,1.705,0.832,0.879,0.331,1.378,0.586,1.229,0.715,0.642,0,1.193,0,1.05,0.839,-0.639,-1.937,0.366,-1.235,0.016,0.896,-4.964,-15.902,0.102,-15.747,-0.167,0.953,NA,NA,NA,NA,NA,NA,NA,NA,NA,NA,NA,NA,NA,NA,NA,NA,NA,NA,NA,NA,NA,NA,NA,NA,NA,NA,NA,NA,NA,NA,NA,NA,NA,NA,NA,NA,NA,NA,NA,NA,NA,NA,NA,NA,NA,NA,NA,NA,NA,NA,NA,NA,NA,NA,NA,NA,NA,NA,NA,NA,NA,NA,NA,NA,NA,NA,NA,NA,NA,NA,NA,NA,NA,NA,NA,NA,NA,NA,NA,NA,NA,NA,NA,NA,NA,NA,NA
"6","BB","WC","March","Meso",17,17,142,0.597,0.208,0.92,0.394,0.845,0.997,1.132,0.807,1.474,0.924,1.345,0.771,2.182,0.804,4.047,0.978,3.297,0.891,0.431,-0.35,1.601,-0.15,0.92,0.817,0.806,-0.318,2.262,0.095,1.705,0.921,NA,NA,NA,NA,NA,NA,NA,NA,NA,NA,NA,NA,NA,NA,NA,NA,NA,NA,NA,NA,NA,NA,NA,NA,NA,NA,NA,NA,NA,NA,NA,NA,NA,NA,NA,NA,NA,NA,NA,NA,NA,NA,NA,NA,NA,NA,NA,NA,NA,NA,NA,NA,NA,NA,NA,NA,NA,NA,NA,NA,NA,NA,NA,NA,NA,NA,NA,NA,NA,NA,NA,NA,NA,NA,NA,NA,NA,NA,NA,NA,NA,NA,NA,NA,NA,NA,NA
"7","DS","WB","Active","Meso",44,20,509,0.58,0.318,0.884,0.415,0.777,0.997,0.837,0.499,1.193,0.62,1.07,0.808,2.155,0.671,3.788,1.236,3.178,0.957,0.375,-0.498,1.279,-0.204,0.954,0.795,1.232,0,2.309,0.593,1.946,0.975,NA,NA,NA,NA,NA,NA,NA,NA,NA,NA,NA,NA,NA,NA,NA,NA,NA,NA,NA,NA,NA,NA,NA,NA,NA,NA,NA,NA,NA,NA,NA,NA,NA,NA,NA,NA,NA,NA,NA,NA,NA,NA,NA,NA,NA,NA,NA,NA,NA,NA,NA,NA,NA,NA,NA,NA,NA,NA,NA,NA,NA,NA,NA,NA,NA,NA,NA,NA,NA,NA,NA,NA,NA,NA,NA,NA,NA,NA,NA,NA,NA,NA,NA,NA,NA,NA,NA
"8","DS","WB","Inactive","Meso",29,18,400,0.576,0.183,0.988,0.346,0.842,0.977,1.329,0.783,1.922,0.951,1.706,0.864,1.253,0.585,1.998,0.833,1.732,0.717,0.644,-0.342,1.857,-0.029,1.223,0.893,0.591,-0.532,1.911,-0.134,1.269,0.836,NA,NA,NA,NA,NA,NA,NA,NA,NA,NA,NA,NA,NA,NA,NA,NA,NA,NA,NA,NA,NA,NA,NA,NA,NA,NA,NA,NA,NA,NA,NA,NA,NA,NA,NA,NA,NA,NA,NA,NA,NA,NA,NA,NA,NA,NA,NA,NA,NA,NA,NA,NA,NA,NA,NA,NA,NA,NA,NA,NA,NA,NA,NA,NA,NA,NA,NA,NA,NA,NA,NA,NA,NA,NA,NA,NA,NA,NA,NA,NA,NA,NA,NA,NA,NA,NA,NA
"9","DS","WB","March","Meso",13,13,113,0.923,0.572,1.341,0.65,1.184,0.652,1.01,0.587,1.463,0.712,1.309,0.493,0.916,0,2.138,0,1.651,0.417,0.062,-0.838,0.903,-0.49,0.629,0.574,-4.3,-14.869,0.917,-14.719,0.636,0.43,NA,NA,NA,NA,NA,NA,NA,NA,NA,NA,NA,NA,NA,NA,NA,NA,NA,NA,NA,NA,NA,NA,NA,NA,NA,NA,NA,NA,NA,NA,NA,NA,NA,NA,NA,NA,NA,NA,NA,NA,NA,NA,NA,NA,NA,NA,NA,NA,NA,NA,NA,NA,NA,NA,NA,NA,NA,NA,NA,NA,NA,NA,NA,NA,NA,NA,NA,NA,NA,NA,NA,NA,NA,NA,NA,NA,NA,NA,NA,NA,NA,NA,NA,NA,NA,NA,NA
"10","DS","WC","Active","Meso",56,14,1124,0.859,0.225,1.628,0.442,1.353,0.647,0.936,0.42,1.455,0.605,1.258,0.572,2.251,0,5.623,0,4.331,0.848,0.236,-1.204,1.641,-0.734,0.914,0.519,-0.86,-14.633,2.782,-14.098,2.035,0.192,NA,NA,NA,NA,NA,NA,NA,NA,NA,NA,NA,NA,NA,NA,NA,NA,NA,NA,NA,NA,NA,NA,NA,NA,NA,NA,NA,NA,NA,NA,NA,NA,NA,NA,NA,NA,NA,NA,NA,NA,NA,NA,NA,NA,NA,NA,NA,NA,NA,NA,NA,NA,NA,NA,NA,NA,NA,NA,NA,NA,NA,NA,NA,NA,NA,NA,NA,NA,NA,NA,NA,NA,NA,NA,NA,NA,NA,NA,NA,NA,NA,NA,NA,NA,NA,NA,NA
"11","DS","WC","Inactive","Meso",6,6,125,0.862,0,1.515,0.554,1.365,0.592,0.737,0,1.254,0.483,1.168,0.659,2.117,0,3.947,1.277,3.447,0.933,-0.413,-16.985,15.625,-1.211,0.438,0.673,0.628,-15.985,16.747,-0.182,1.576,0.796,NA,NA,NA,NA,NA,NA,NA,NA,NA,NA,NA,NA,NA,NA,NA,NA,NA,NA,NA,NA,NA,NA,NA,NA,NA,NA,NA,NA,NA,NA,NA,NA,NA,NA,NA,NA,NA,NA,NA,NA,NA,NA,NA,NA,NA,NA,NA,NA,NA,NA,NA,NA,NA,NA,NA,NA,NA,NA,NA,NA,NA,NA,NA,NA,NA,NA,NA,NA,NA,NA,NA,NA,NA,NA,NA,NA,NA,NA,NA,NA,NA,NA,NA,NA,NA,NA,NA
"12","DS","WC","March","Meso",10,9,135,1.699,1.166,2.358,1.25,2.143,1,0.641,0.295,1.027,0.316,0.968,0.948,0,0,0,0,0,1,-1.496,-2.357,-0.425,-2.197,-0.536,1,-15.519,-16.007,-14.358,-15.902,-14.679,1,NA,NA,NA,NA,NA,NA,NA,NA,NA,NA,NA,NA,NA,NA,NA,NA,NA,NA,NA,NA,NA,NA,NA,NA,NA,NA,NA,NA,NA,NA,NA,NA,NA,NA,NA,NA,NA,NA,NA,NA,NA,NA,NA,NA,NA,NA,NA,NA,NA,NA,NA,NA,NA,NA,NA,NA,NA,NA,NA,NA,NA,NA,NA,NA,NA,NA,NA,NA,NA,NA,NA,NA,NA,NA,NA,NA,NA,NA,NA,NA,NA,NA,NA,NA,NA,NA,NA
"13","BB","WB","Active","RI",6,5,203,NA,NA,NA,NA,NA,NA,NA,NA,NA,NA,NA,NA,NA,NA,NA,NA,NA,NA,NA,NA,NA,NA,NA,NA,NA,NA,NA,NA,NA,NA,-0.084,-1.641,0.722,-0.626,0.577,0.512,0.315,-0.157,0.71,-0.095,0.597,0.8557,0.431,-0.038,0.825,0.079,0.76,0.941,-0.078,-1.901,0.813,-0.686,0.698,0.4845,0.366,-0.149,0.767,0.04,0.644,0.9028,-0.247,-4.076,0.76,-0.824,0.535,0.4539,-1.17,-8.655,0.134,-0.698,0.101,0.7118,0.116,0.32,0.1132,0,0.054,0.42,-0.7098,0,0,0.81,22.627,32.214,0.4023,2e-04,20.047,37.304,-0.1128,0,18,44,5.15,5.6,1.2432,0.1831,5.03,5.839,1.2432,0.1831,5,6,0.1,0.328,0.2533,0.0093,0.034,0.445,-0.6167,0.0093,0,0.7,1.1474,0.447,0,0,1
"14","BB","WB","Active","PO",44,19,273,NA,NA,NA,NA,NA,NA,NA,NA,NA,NA,NA,NA,NA,NA,NA,NA,NA,NA,NA,NA,NA,NA,NA,NA,NA,NA,NA,NA,NA,NA,-0.196,-0.895,0.237,-0.576,0.127,0.7384,0.294,0.009,0.57,0.11,0.477,0.9778,0.076,-0.298,0.522,-0.18,0.343,0.6263,-0.051,-0.774,0.45,-0.463,0.306,0.5123,0.282,-0.068,0.672,0.042,0.526,0.9372,0.285,-0.136,0.597,0.045,0.502,0.9279,0.17,-0.242,0.672,-0.11,0.437,0.7791,0,0.034,0.4421,0.0402,0,0.081,0.3241,0.0329,0,0.12,59.807,104.195,1.4989,0.4134,40.275,145.86,1.9729,0.6987,26,151,3.871,5.615,0.5723,0.082,1.675,6.582,NA,NA,1,7,0.001,0.256,-1.2006,0.0082,0,0.501,NA,NA,0,0.6,0.7729,0.53,0,0,1
"15","BB","WB","Active","RU",5,3,44,NA,NA,NA,NA,NA,NA,NA,NA,NA,NA,NA,NA,NA,NA,NA,NA,NA,NA,NA,NA,NA,NA,NA,NA,NA,NA,NA,NA,NA,NA,-8.064,-16.613,-1.221,-13.827,-1.522,1,0.813,0.429,1.525,0.551,1.156,1,-0.186,-1.005,0.225,-0.637,0.152,0.5815,-1786072451233.61,-289.807,-0.728,-12.906,-1.146,1,-185109205979.147,-0.15,31.75,0.107,0.743,0.0387,0.404,-0.242,1.204,-0.049,0.683,0.8852,4.783,-0.105,9.089,0.035,8.54,0.9114,0.017,0.043,NA,NA,0.006,0.054,NA,NA,0,0.13,56.216,59.991,NA,NA,54.705,61.501,NA,NA,52,64,4.835,5.39,NA,NA,4.613,5.613,NA,NA,3,6,0.194,0.25,NA,NA,0.172,0.272,NA,NA,0,0.3,1.2453,0.473,0,0,1
"16","BB","WB","Inactive","RI",8,8,150,NA,NA,NA,NA,NA,NA,NA,NA,NA,NA,NA,NA,NA,NA,NA,NA,NA,NA,NA,NA,NA,NA,NA,NA,NA,NA,NA,NA,NA,NA,-1.104,-2.235,-0.651,-1.909,-0.718,1,0.431,0.17,0.749,0.244,0.629,1,-0.622,-0.944,-0.217,-0.845,-0.366,1,-1.043,-2.117,-0.593,-1.795,-0.671,1,0.421,0.143,0.76,0.213,0.642,0.9998,-1.829,-4.654,-1.127,-2.469,-1.2,1,-0.532,-1.069,-0.141,-0.958,-0.198,1,0.028,0.077,1.8563,0.4777,0.009,0.219,1.2828,0.2855,0,0.32,29.123,39.624,0.4203,0.0018,22.284,42.73,0.6676,0.0575,18,44,4.241,5,0.8071,0.0142,3.462,5,0.9224,0.0575,3,5,0,0.078,1.4118,0.4611,0,0.135,1.7982,0.6034,0,0.15,1.9752,0.266,0,0,1
"17","BB","WB","Inactive","PO",15,9,143,NA,NA,NA,NA,NA,NA,NA,NA,NA,NA,NA,NA,NA,NA,NA,NA,NA,NA,NA,NA,NA,NA,NA,NA,NA,NA,NA,NA,NA,NA,0.153,-0.25,0.446,-0.058,0.347,0.8366,-0.322,-1.057,0.233,-0.794,0.113,0.8339,0.012,-0.365,0.503,-0.259,0.329,0.4759,0.088,-0.286,0.379,-0.127,0.288,0.7335,-0.28,-0.997,0.302,-0.763,0.137,0.7895,1.242,-0.047,2.214,0.74,2.008,0.969,-0.295,-1.062,0.435,-0.698,0.047,0.8195,0.008,0.055,0.0503,0.1066,0.001,0.066,0.4923,0.1194,0,0.07,40.155,81.179,0.2956,0.0361,34.238,120.686,0.7141,0.068,32,151,3.703,4.921,1.2419,0.2374,2.177,5.237,0.875,0.1262,1,6,0.005,0.276,-2.0219,0.1089,0,0.492,NA,NA,0,0.6,1.2114,0.46,0,0,1
"18","BB","WB","Inactive","RU",15,12,116,NA,NA,NA,NA,NA,NA,NA,NA,NA,NA,NA,NA,NA,NA,NA,NA,NA,NA,NA,NA,NA,NA,NA,NA,NA,NA,NA,NA,NA,NA,-0.29,-0.775,0.022,-0.546,-0.062,0.9625,0.229,0.009,0.572,0.081,0.419,0.9809,0.249,-0.018,0.526,0.07,0.431,0.9633,-0.223,-0.722,0.115,-0.49,0.02,0.8755,0.18,-0.055,0.542,0.019,0.369,0.9265,0.2,-0.275,0.529,-0.067,0.399,0.8491,0.426,-0.043,1.071,0.126,0.726,0.964,0.031,0.145,0.9242,0.0825,0.013,0.229,1.0135,0.1084,0,0.28,38.962,58.594,1.2849,0.1931,31.767,68.859,1.1647,0.0652,30,79,4.905,5.385,1.1286,0.1946,4.258,6.17,1.5182,0.4788,4,7,0.005,0.147,0.025,0.0499,0,0.409,-0.6881,0.0076,0,0.6,1.5349,0.337,0,0,1
"19","BB","WB","March","RI",3,3,47,NA,NA,NA,NA,NA,NA,NA,NA,NA,NA,NA,NA,NA,NA,NA,NA,NA,NA,NA,NA,NA,NA,NA,NA,NA,NA,NA,NA,NA,NA,-501861437335.579,-7.184,-0.647,-5.556,-0.744,1,-1.768,-3.979,-0.209,-3.345,-0.28,0.9998,-0.813,-1.911,-0.256,-1.592,-0.319,1,-258323164249.012,-241.25,-0.664,-4.787,-0.763,1,76127781593.13,-149.714,-0.195,-2.202,-0.285,0.0011,-0.504,-1.076,-0.03,-0.929,-0.115,0.9856,2.548,-0.409,8.106,-0.341,8.079,0.3365,0.15,0.297,NA,NA,0.091,0.356,NA,NA,0.06,0.5,25.513,31.867,NA,NA,22.971,34.408,NA,NA,22,41,4.502,4.834,NA,NA,4.369,4.967,NA,NA,4,5,0.25,0.35,NA,NA,0.21,0.39,NA,NA,0.15,0.45,0.4939,0.588,0,0,1
"20","BB","WB","March","PO",11,11,58,NA,NA,NA,NA,NA,NA,NA,NA,NA,NA,NA,NA,NA,NA,NA,NA,NA,NA,NA,NA,NA,NA,NA,NA,NA,NA,NA,NA,NA,NA,0.301,-0.125,0.792,0.03,0.573,0.9241,0,-0.344,0.314,-0.225,0.218,0.5043,87704612689.489,0.041,1.119,0.153,0.85,0.9876,0.466,-0.024,1.204,0.142,0.826,0.9709,0.305,-0.112,0.871,0.022,0.619,0.9195,0.319,-0.049,0.718,0.077,0.522,0.9543,0.748,0.017,7.62,0.084,0.652,0.9841,0,0.148,-0.8041,0,0,0.21,NA,NA,0,0.22,60.727,121.974,1.5934,0.5163,51.577,148.082,1.291,0.1588,48,151,3.297,5.784,0.864,0.2755,1.752,5.993,0.5594,0.0568,1,6,0.005,0.171,-0.7225,0.0619,0,0.339,NA,NA,0,0.5,0.8351,0.483,0,0,1
"21","BB","WB","March","RU",2,2,11,NA,NA,NA,NA,NA,NA,NA,NA,NA,NA,NA,NA,NA,NA,NA,NA,NA,NA,NA,NA,NA,NA,NA,NA,NA,NA,NA,NA,NA,NA,5.754,-2.289,2.778,-1.186,0.46,0.2377,1.545,-0.561,3.529,-0.333,1.311,0.5165,-3.273,-81.079,82.367,-79.935,27.568,0.4992,12.524,-248.407,771.218,-148.051,2.506,0.2597,14.986,-451.978,199.392,-1.003,164.053,0.6771,-31.402,-35.53,-16.788,-35.285,-24.109,1,8.611,7.61,9.082,8.227,9.082,1,0.435,0.435,2.6458,1,0.435,0.435,2.6458,1,0.37,0.5,56.506,56.506,2.6458,1,56.506,56.506,2.6458,1,53,60,5.003,5.003,1.8024,0.7973,5.003,5.003,1.8024,0.7973,3,7,0,0,1.288,0.2265,0,0,1.288,0.2265,0,0,0.7761,0.4,0,1,1
"22","BB","WC","Active","RI",37,10,618,NA,NA,NA,NA,NA,NA,NA,NA,NA,NA,NA,NA,NA,NA,NA,NA,NA,NA,NA,NA,NA,NA,NA,NA,NA,NA,NA,NA,NA,NA,-0.478,-1.997,0.367,-1.249,0.195,0.7736,0.721,0.072,1.388,0.296,1.152,0.9841,-0.098,-0.523,0.393,-0.397,0.22,0.6947,-0.53,-2.14,0.391,-1.367,0.205,0.7767,0.73,0.08,1.392,0.316,1.153,0.9862,-0.711,-2.314,0.201,-1.579,-0.011,0.9046,-0.008,-0.77,6.862,-0.576,0.311,0.8001,0.055,0.227,0.5157,0.1208,0.015,0.441,0.3243,0.0692,0,1.2,34.597,48.801,0.7477,0.1537,26.25,56.604,0.4228,0.1327,4,66,4.231,5.07,1.2759,0.4015,3.426,5.426,1.3914,0.4712,2,6,0.052,0.236,0.9107,0.2271,0.012,0.441,0.6591,0.1812,0,1,1.0745,0.488,0,0,1
"23","BB","WC","Active","PO",31,10,437,NA,NA,NA,NA,NA,NA,NA,NA,NA,NA,NA,NA,NA,NA,NA,NA,NA,NA,NA,NA,NA,NA,NA,NA,NA,NA,NA,NA,NA,NA,0.229,-0.004,0.44,0.093,0.373,0.9738,-0.021,-0.57,0.443,-0.363,0.297,0.5039,-0.615,-1.426,0.019,-1.084,-0.182,0.9706,0.242,0.024,0.457,0.114,0.381,0.9825,0.012,-0.538,0.545,-0.359,0.361,0.5326,0.078,-0.589,0.555,-0.292,0.424,0.6539,0.231,-0.402,0.967,-0.13,0.557,0.6828,0.029,0.069,2.3844,0.5609,0.01,0.1,1.3123,0.4857,0,0.21,65,105.503,1.2231,0.2405,52.286,134.612,1.2193,0.2426,10,151,1.461,4.425,1.0675,0.1739,1.065,5.773,1.2266,0.2481,1,7,0.015,0.275,-0.1044,0.0201,0.001,0.508,-0.5864,0.0054,0,0.9,0.8556,0.511,0,0,1
"24","BB","WC","Active","RU",14,9,95,NA,NA,NA,NA,NA,NA,NA,NA,NA,NA,NA,NA,NA,NA,NA,NA,NA,NA,NA,NA,NA,NA,NA,NA,NA,NA,NA,NA,NA,NA,-0.078,-0.613,0.329,-0.397,0.204,0.5924,1.207,0.553,1.931,0.689,1.672,1,-0.176,-0.808,0.478,-0.569,0.238,0.7206,-0.095,-0.689,0.431,-0.444,0.22,0.6345,1.23,0.528,2.086,0.673,1.747,1,-0.307,-0.906,0.11,-0.652,-0.007,0.9084,0.847,-0.514,6.786,-0.339,6.697,0.5842,0.091,0.172,0.4262,0.0993,0.034,0.214,0.4906,0.0658,0,0.27,54.415,67.058,0.9608,0.1093,48.998,89.948,1.3473,0.2655,44,110,3.502,5.445,-0.0347,0.0193,2.724,5.861,NA,NA,2,6,0.045,0.269,0.5076,0.0964,0.007,0.333,1.0291,0.0635,0,0.45,0.5569,0.57,0,0,1
"25","BB","WC","Inactive","RI",4,4,63,NA,NA,NA,NA,NA,NA,NA,NA,NA,NA,NA,NA,NA,NA,NA,NA,NA,NA,NA,NA,NA,NA,NA,NA,NA,NA,NA,NA,NA,NA,-2.296,-3.905,-1.317,-3.446,-1.418,1,0.162,-0.289,0.681,-0.194,0.506,0.5988,0.14,-0.329,0.665,-0.237,0.533,0.7159,-2.414,-4.428,-1.229,-3.689,-1.338,1,0.038,-0.782,1.201,-0.518,0.687,0.542,-0.208,-1.051,0.297,-0.934,0.211,0.5037,-8.736,-8.994,-8.368,-8.924,-8.634,1,0.029,0.108,1.6269,0.3551,0.006,0.147,0.9122,0.046,0,0.17,32.291,42.279,-0.0602,0,28.644,46.622,-0.9044,0,27,49,4.626,5.371,-0.0724,0,4.327,5.667,-0.0724,0,4,6,0.038,0.169,0.1965,0,0.008,0.245,-0.4456,0,0,0.3,3.6473,0.063,0,0,0
"26","BB","WC","Inactive","PO",5,5,45,NA,NA,NA,NA,NA,NA,NA,NA,NA,NA,NA,NA,NA,NA,NA,NA,NA,NA,NA,NA,NA,NA,NA,NA,NA,NA,NA,NA,NA,NA,-8.117,-80.388,0.525,-74.972,0.402,0.5713,-0.127,-1.284,0.628,-0.939,0.509,0.695,0.076,-1.035,0.924,-0.737,0.711,0.5676,-8.347,-81.722,0.654,-75.905,0.463,0.533,-0.157,-1.329,0.955,-0.942,0.733,0.7136,-13.462,-14.673,-7.187,-14.62,-13.061,1,3.815,0.451,8.816,0.482,8.763,1,0.012,0.051,0.285,0.0669,0.002,0.072,-0.4245,0.0666,0,0.09,73.949,115.762,0.5475,0.1002,61.637,136.898,0.0449,0.0145,56,151,2.094,4.497,0.1642,0,1.379,5.703,0.0117,0,1,7,0,0,0.9849,0,0,0,0.9849,0,0,0,2.2538,0.227,0,0,1
"27","BB","WC","March","RI",10,10,82,NA,NA,NA,NA,NA,NA,NA,NA,NA,NA,NA,NA,NA,NA,NA,NA,NA,NA,NA,NA,NA,NA,NA,NA,NA,NA,NA,NA,NA,NA,-0.473,-1.295,0.004,-1.062,-0.108,0.9732,0.362,-0.081,0.858,0.056,0.666,0.9361,0.771,0.228,1.808,0.296,1.272,1,-0.575,-1.558,-0.015,-1.216,-0.149,0.9798,0.424,-0.052,0.95,0.1,0.748,0.9548,0.323,0.015,0.644,0.113,0.528,0.9798,2.635,0.387,7.463,0.429,7.45,1,0.204,0.362,0.8669,0.1221,0.052,0.681,0.2436,0.0452,0,0.97,39.354,60.777,-0.3369,0.013,32.59,66.585,0.0163,0,30,70,5.213,6,1.1724,0.4275,3.775,6,0.6325,0.0646,3,6,0.326,0.591,0.6908,0.091,0.178,0.681,0.7205,0.1143,0.1,0.7,1.7644,0.238,0,0,1
"28","BB","WC","March","PO",4,4,45,NA,NA,NA,NA,NA,NA,NA,NA,NA,NA,NA,NA,NA,NA,NA,NA,NA,NA,NA,NA,NA,NA,NA,NA,NA,NA,NA,NA,NA,NA,-0.385,-1.263,0.111,-1.086,0,0.902,-0.088,-0.788,0.393,-0.619,0.303,0.4989,-0.775,-1.22,-0.332,-1.049,-0.443,1,-0.439,-1.349,0.182,-1.135,0.04,0.8596,-0.178,-0.841,0.408,-0.646,0.29,0.6754,-0.59,-1.278,-0.158,-1.131,-0.242,0.999,-2.587,-8.865,-0.349,-8.764,-0.39,1,0.015,0.075,0.5475,0.0068,0.003,0.111,0.0368,0,0,0.14,67.161,110.48,0.2064,0,55.41,133.383,-0.4545,0,50,151,2.25,3,2.3976,0.9931,1.651,3,2.3976,0.9931,1,3,0.025,0.113,0.9288,0.0842,0.005,0.163,0.9087,0.0842,0,0.2,1.4828,0.323,0,0,1
"29","BB","WC","March","RU",3,3,15,NA,NA,NA,NA,NA,NA,NA,NA,NA,NA,NA,NA,NA,NA,NA,NA,NA,NA,NA,NA,NA,NA,NA,NA,NA,NA,NA,NA,NA,NA,-243.241,-530.991,-65.888,-528.792,-78.04,1,25.671,12.21,54.924,14.117,54.816,1,0,0,0,0,0,0.4265,-2.977,-9.389,2.428,-6.012,0.633,0.8165,19.836,7.027,44.513,10.621,42.358,1,-31.687,-65.423,-15.835,-64.942,-20.021,1,NA,0,0,0,0,NA,0,0,2.7471,1,0,0,2.7471,1,0,0,151,151,2.7471,1,151,151,2.7471,1,151,151,NA,NA,NA,NA,NA,NA,NA,NA,Inf,-Inf,0,0,2.7471,1,0,0,2.7471,1,0,0,NA,NA,NA,Inf,-Inf
"30","DS","WB","Active","RI",18,13,215,NA,NA,NA,NA,NA,NA,NA,NA,NA,NA,NA,NA,NA,NA,NA,NA,NA,NA,NA,NA,NA,NA,NA,NA,NA,NA,NA,NA,NA,NA,0.218,-0.19,0.489,0.015,0.405,0.914,0.532,0.182,0.877,0.31,0.752,0.9987,0.46,0.194,0.74,0.288,0.64,0.9999,0.328,-0.165,0.66,0.08,0.554,0.9457,0.583,0.237,0.938,0.366,0.801,0.9991,0.346,-0.145,0.719,0.067,0.603,0.9295,0.167,-0.192,0.76,-0.135,0.389,0.8157,0.137,0.286,2.8316,0.745,0.107,0.614,1.7134,0.3816,0.08,0.72,20.625,41.142,0.7555,0.1004,14.127,53.968,0.2567,0.0386,11,64,5.003,5.918,2.1417,1,5,5.997,2.13,1,5,6,0.094,0.491,0.542,0.0924,0.017,0.788,NA,NA,0,0.9,0.4611,0.612,0,0,1
"31","DS","WB","Active","PO",18,11,247,NA,NA,NA,NA,NA,NA,NA,NA,NA,NA,NA,NA,NA,NA,NA,NA,NA,NA,NA,NA,NA,NA,NA,NA,NA,NA,NA,NA,NA,NA,-0.132,-0.869,0.4,-0.568,0.252,0.5884,0.18,-0.178,0.481,-0.047,0.388,0.8505,-0.203,-0.543,0.179,-0.436,0.034,0.8682,-0.05,-0.891,0.611,-0.569,0.414,0.503,0.181,-0.302,0.701,-0.141,0.511,0.7584,0.697,0.344,1.017,0.477,0.903,1,0.07,-0.437,0.718,-0.251,0.34,0.6086,0.001,0.039,0.3959,0.0104,0,0.077,0.0528,0.0048,0,0.14,57.907,95.531,1.5739,0.4712,36.775,129.075,0.9903,0.2211,4,151,3.385,4.96,1.1188,0.1935,2.047,5.595,1.1953,0.1696,1,6,0.115,0.367,2.1538,0.6514,0.027,0.616,0.6096,0.6403,0,0.8,0.431,0.645,0,0,1
"32","DS","WB","Active","RU",8,8,47,NA,NA,NA,NA,NA,NA,NA,NA,NA,NA,NA,NA,NA,NA,NA,NA,NA,NA,NA,NA,NA,NA,NA,NA,NA,NA,NA,NA,NA,NA,-0.168,-0.756,0.541,-0.478,0.06,0.8309,0.616,-0.041,1.385,0.124,1.033,0.9651,0.178,-0.225,0.635,-0.086,0.476,0.7956,0.008,-0.644,0.693,-0.357,0.337,0.5157,0.639,-0.082,1.465,0.092,1.096,0.9521,0.415,-0.186,1.124,0.064,0.722,0.924,0.937,0.245,8.512,0.315,0.989,1,0.075,0.169,-0.0243,4e-04,0.035,0.241,-0.0502,2e-04,0.01,0.28,38.917,54.064,1.1394,0.4687,33.238,92.965,0.5924,0.0494,30,118,5.054,6.345,0.4084,0.0013,4.435,6.855,0.5193,0.0014,4,7,0.011,0.38,-1.2253,0,0,0.536,-1.0289,0,0,0.6,1.8982,0.243,0,0,1
"33","DS","WB","Inactive","RI",14,10,156,NA,NA,NA,NA,NA,NA,NA,NA,NA,NA,NA,NA,NA,NA,NA,NA,NA,NA,NA,NA,NA,NA,NA,NA,NA,NA,NA,NA,NA,NA,-0.429,-1.587,0.355,-1.137,0.167,0.7707,-0.145,-0.55,0.242,-0.409,0.122,0.7704,-0.392,-0.829,0.091,-0.692,-0.069,0.9515,-0.433,-1.586,0.371,-1.156,0.184,0.7648,-0.152,-0.545,0.24,-0.411,0.102,0.7853,0.071,-0.475,0.553,-0.258,0.414,0.5947,2.516,0.266,7.415,0.314,7.359,1,0.02,0.196,0.8444,0.2002,0.002,0.46,-0.0976,0.0264,0,0.91,22.963,28.428,1.7219,0.568,19.839,37.129,0.9882,0.1939,18,48,4.316,5.118,0.3,0.0157,3.55,5.643,0.4112,0.0299,3,6,0.046,0.295,0.2444,0.0248,0.007,0.432,0.1373,0.0284,0,0.9,1.2534,0.337,0,0,1
"34","DS","WB","Inactive","PO",6,6,134,NA,NA,NA,NA,NA,NA,NA,NA,NA,NA,NA,NA,NA,NA,NA,NA,NA,NA,NA,NA,NA,NA,NA,NA,NA,NA,NA,NA,NA,NA,-57.421,-59.122,-55.518,-58.491,-56.241,1,19.121,15.433,19.877,18.56,19.8,1,-20.967,-32.965,0,-32.581,0,0.8377,2.693,0.859,3.562,2.135,3.195,0.995,19.124,15.712,20.285,17.733,20.194,1,-17.236,-18.595,-15.891,-18.488,-16.202,1,0.442,-0.425,7.55,-0.374,0.261,0.5848,0,0,1.962,0.9996,0,0,1.962,0.9996,0,0,151,151,3.2223,1,151,151,3.2223,1,151,151,NA,NA,NA,NA,NA,NA,NA,NA,1,1,0,0,0.932,0,0,0,0.932,0,0,0,0.3991,0.597,0,0,1
"35","DS","WB","Inactive","RU",9,8,110,NA,NA,NA,NA,NA,NA,NA,NA,NA,NA,NA,NA,NA,NA,NA,NA,NA,NA,NA,NA,NA,NA,NA,NA,NA,NA,NA,NA,NA,NA,-0.337,-0.846,0.051,-0.647,-0.047,0.9417,0.456,0.216,1.026,0.266,0.79,1,0.158,-0.288,0.71,-0.166,0.511,0.724,-0.143,-0.581,0.238,-0.428,0.137,0.7209,0.428,0.166,1.019,0.234,0.776,1,0.248,-0.349,0.6,-0.044,0.461,0.8662,-0.222,-0.793,0.136,-0.67,0.081,0.716,0.043,0.134,0.1423,0.0519,0.013,0.182,0.5109,6e-04,0,0.25,48.844,68.418,0.5979,0.0786,34.581,73.623,0.5369,0.1434,26,76,4.597,5.406,0.3026,0.0399,3.577,6.419,0.0595,0.0208,3,7,0.017,0.183,0.1544,0.0862,0.001,0.368,-0.7359,1e-04,0,0.5,0.4898,0.604,0,0,1
"36","DS","WB","March","RI",6,6,50,NA,NA,NA,NA,NA,NA,NA,NA,NA,NA,NA,NA,NA,NA,NA,NA,NA,NA,NA,NA,NA,NA,NA,NA,NA,NA,NA,NA,NA,NA,0.508,-1.236,1.538,-0.006,1.28,0.8966,-0.001,-0.61,0.623,-0.463,0.412,0.4872,0.012,-0.602,0.622,-0.367,0.463,0.4599,0.558,-1.237,1.694,0.021,1.384,0.9077,0.078,-0.78,0.816,-0.485,0.605,0.5857,0.274,-0.157,0.711,-0.024,0.561,0.8787,0.576,-0.34,8.377,-0.274,0.449,0.5941,0.267,1.114,-0.0302,4e-04,0.103,1.534,-2.39,0,0,1.76,30.319,40.781,0.8039,0.0756,24.908,45.124,-0.4102,0,21,49,4.983,5.851,0.4031,0.0957,4.465,5.97,0.272,0.0642,4,6,0.385,0.606,1.3847,0.3839,0.302,0.714,0.4951,0.1079,0.25,0.8,0.4032,0.596,0,0,1
"37","DS","WB","March","PO",6,6,53,NA,NA,NA,NA,NA,NA,NA,NA,NA,NA,NA,NA,NA,NA,NA,NA,NA,NA,NA,NA,NA,NA,NA,NA,NA,NA,NA,NA,NA,NA,0.04,-2.654,0.879,-0.497,0.651,0.6694,-0.161,-1.059,0.375,-0.501,0.27,0.6211,27132306265.838,0.028,1.918,0.174,1.504,0.9825,-0.02,-3.992,1.288,-0.734,0.918,0.324,0.01,-0.957,1.185,-0.565,0.738,0.4545,1.539,0.521,4.426,0.725,2.51,1,2.601,0.017,7.874,0.085,7.39,0.9794,0.003,0.093,0.0671,0,0.001,0.201,-0.9976,0,0,0.3,51.884,111.731,0.8754,0.1898,41.472,138.597,0.2024,2e-04,35,151,3.959,5.698,0.4976,0.0458,2.437,6.419,-0.5668,0.0452,1,7,0.106,0.555,-0.0133,0.1967,0.026,0.687,-0.5145,0.0648,0,0.75,0.6727,0.579,0,0,1
"38","DS","WC","Active","RI",24,13,605,NA,NA,NA,NA,NA,NA,NA,NA,NA,NA,NA,NA,NA,NA,NA,NA,NA,NA,NA,NA,NA,NA,NA,NA,NA,NA,NA,NA,NA,NA,-0.161,-0.582,0.134,-0.405,0.055,0.8094,0.902,0.429,1.377,0.587,1.213,1,0.165,-0.201,0.637,-0.087,0.458,0.7874,-0.191,-0.66,0.149,-0.465,0.054,0.8218,0.902,0.435,1.382,0.589,1.213,1,0.186,-0.251,0.568,-0.095,0.46,0.8034,0.396,-0.364,7.104,-0.177,0.48,0.6775,0.096,0.283,1.1572,0.1728,0.031,0.376,0.9435,0.071,0,0.45,37.218,52.046,2.0864,0.6915,27.517,56.412,1.1609,0.2534,17,63,4.524,5.647,0.8255,0.0606,3.444,5.97,0.8353,0.0221,3,6,0.158,0.435,1.1262,0.1923,0.085,0.63,0.9569,0.1508,0,1,0.5967,0.561,0,0,1
"39","DS","WC","Active","PO",22,11,428,NA,NA,NA,NA,NA,NA,NA,NA,NA,NA,NA,NA,NA,NA,NA,NA,NA,NA,NA,NA,NA,NA,NA,NA,NA,NA,NA,NA,NA,NA,0.462,0.266,0.653,0.337,0.581,1,0.048,-0.287,0.349,-0.167,0.256,0.6293,0.247,-0.216,0.766,-0.063,0.57,0.8394,0.549,0.29,0.825,0.376,0.719,1,0.366,-0.129,0.917,0.033,0.712,0.9195,0.387,0,0.691,0.158,0.598,0.975,4.841,0.998,8.468,1.022,8.452,1,0.054,0.118,4.2607,0.8859,0.013,0.182,1.5802,0.6448,0,0.33,71.038,103.304,2.4284,0.844,57.395,136.743,1.7328,0.455,42,151,3.983,5.955,2.2599,0.7866,2.561,6.099,1.9996,0.6169,1,7,0.08,0.433,1.3572,0.5338,0.01,0.556,0.3898,0.1728,0,0.8,6.9331,0.013,1,0,1
"40","DS","WC","Active","RU",10,7,91,NA,NA,NA,NA,NA,NA,NA,NA,NA,NA,NA,NA,NA,NA,NA,NA,NA,NA,NA,NA,NA,NA,NA,NA,NA,NA,NA,NA,NA,NA,-0.357,-1.21,0.167,-0.843,0.022,0.8817,3.1,1.151,4.659,2.056,4.083,1,0.226,-0.364,0.84,-0.134,0.701,0.7171,-0.352,-1.487,0.603,-0.966,0.245,0.8084,3.148,1.164,4.857,2.093,4.185,1,-0.13,-1.311,0.5,-0.829,0.37,0.5936,-0.451,-1.101,0.166,-0.749,-0.196,0.9129,0.055,0.145,1.2955,0.2722,0.02,0.203,-0.0118,0.0192,0,0.24,55.903,101.316,1.9479,0.5226,53.356,134.478,1.4011,0.2122,52,151,4.681,5,1.3157,0.3626,3.649,6.156,0.2164,0.0706,3,7,0.044,0.302,0.7426,0.0769,0.011,0.521,-0.3202,0.0239,0,0.7,1.7508,0.328,0,0,1
"41","DS","WC","Inactive","RI",2,2,61,NA,NA,NA,NA,NA,NA,NA,NA,NA,NA,NA,NA,NA,NA,NA,NA,NA,NA,NA,NA,NA,NA,NA,NA,NA,NA,NA,NA,NA,NA,-61.305,-129.911,-0.849,-127.751,-0.937,1,-0.224,-0.815,0.306,-0.671,0.208,0.519,-8.896,-17.253,-0.723,-16.995,-0.794,1,-87.842,-132.56,-0.956,-127.823,-1.061,1,-1.177,-2.38,0.989,-1.256,-0.159,0.9024,-24.403,-49.872,-0.747,-49.525,-0.822,1,7.912,7.861,7.972,7.878,7.952,1,0.066,0.066,4.7536,1,0.066,0.066,4.7536,1,0,0.13,33.466,33.466,3.5124,1,33.466,33.466,3.5124,1,30,37,3.495,3.495,2.4705,1,3.495,3.495,2.4705,1,3,4,0.025,0.025,2.5167,0.4977,0.025,0.025,2.5167,0.4977,0,0.05,0.5697,0.453,0,1,1
"42","DS","WC","Inactive","PO",2,2,42,NA,NA,NA,NA,NA,NA,NA,NA,NA,NA,NA,NA,NA,NA,NA,NA,NA,NA,NA,NA,NA,NA,NA,NA,NA,NA,NA,NA,NA,NA,-78.697,-81.695,-74.586,-80.913,-76.265,1,-47.122,-124.107,27.586,-123.36,27.484,0.5074,-8.801,-17.857,0,-17.754,0,0.7177,-1.83,-14.639,21.529,-12.147,8.487,0.4736,-48.826,-125.318,17.934,-124.008,16.509,0.5074,-13.731,-14.967,-7.331,-14.913,-13.294,1,0.264,-8.357,8.641,-8.327,8.589,0.5074,0,0,0.986,0,0,0,0.986,0,0,0,78.442,78.442,3.4164,0.5077,78.442,78.442,3.4164,0.5077,8,151,NA,NA,NA,NA,NA,NA,NA,NA,1,1,0,0,0.5737,0,0,0,0.5737,0,0,0,1.0936,0.324,0,0,1
"43","DS","WC","Inactive","RU",2,2,22,NA,NA,NA,NA,NA,NA,NA,NA,NA,NA,NA,NA,NA,NA,NA,NA,NA,NA,NA,NA,NA,NA,NA,NA,NA,NA,NA,NA,NA,NA,-1.019,-1.875,-0.402,-1.452,-0.497,1,0.799,0.339,1.506,0.389,1.011,1,0.848,-0.657,1.546,-0.409,1.443,0.5038,-35.986,-1.822,0.16,-1.446,-0.144,0.9542,38.166,-0.223,1.749,0.001,1.197,0.9007,-11.662,-36.62,21.489,-36.118,14.518,0.5003,NA,5.685,6.595,6.12,6.595,NA,0.08,0.08,2.69,1,0.08,0.08,2.69,1,0.06,0.1,61.001,61.001,3.4416,1,61.001,61.001,3.4416,1,59,63,4.001,4.001,1.3982,0.3605,4.001,4.001,1.3982,0.3605,3,5,0.15,0.15,1.8854,0.4997,0.15,0.15,1.8854,0.4997,0,0.3,NA,NA,0,1,1
"44","DS","WC","March","RI",4,3,76,NA,NA,NA,NA,NA,NA,NA,NA,NA,NA,NA,NA,NA,NA,NA,NA,NA,NA,NA,NA,NA,NA,NA,NA,NA,NA,NA,NA,NA,NA,0.772,-0.125,1.934,-0.039,1.304,0.8682,0.621,-0.001,1.445,0.063,1.072,0.9743,7.6,2.09,24.458,2.134,24.181,1,80996662554.218,-0.244,7.923,-0.137,2.032,0.8378,12880946047.942,-0.249,4.658,-0.068,3.038,0.8206,1.101,0.277,1.707,0.361,1.564,1,7.579,7.357,7.903,7.369,7.889,1,0.524,0.855,-0.7974,0,0.391,0.987,-1.4341,0,0.11,1.18,50.632,56.655,NA,NA,48.223,59.065,NA,NA,34,60,6,6,1.8092,0.8951,6,6,1.8092,0.8951,6,6,0.607,0.758,NA,NA,0.547,0.818,NA,NA,0.2,0.9,0.9905,0.322,0,1,1
"45","DS","WC","March","PO",6,6,47,NA,NA,NA,NA,NA,NA,NA,NA,NA,NA,NA,NA,NA,NA,NA,NA,NA,NA,NA,NA,NA,NA,NA,NA,NA,NA,NA,NA,NA,NA,-29.273,-93.341,-0.184,-91.66,-0.28,0.9983,5.644,0.706,16.107,0.78,15.99,1,0.025,-0.196,0.251,-0.084,0.165,0.5574,0.705,-0.008,3.93,0.041,1.468,0.9685,5.833,0.777,16.716,0.864,16.346,1,-27.194,-29.586,-18.127,-29.484,-26.189,1,5.658,0,8.526,0,8.489,0.8269,0,0.029,0.9657,0.2994,0,0.098,0.4164,0.2994,0,0.17,135.632,151,1.9984,0.6531,98.75,151,1.3406,0.3245,60,151,NA,NA,NA,NA,NA,NA,NA,NA,4,4,0,0,1.7737,0.8361,0,0,1.7737,0.8361,0,0,NA,NA,0,1,1
